Median House Prices 3rd Quarter 2020,,,,,,,,Change %,Change %,,,,,,,,,,,,,,,,,,,,,,,,,,,,,
SUBURB,Jul - Sep 19,Oct - Dec 19,Jan - Mar 20,Apr- Jun 20,Jul - Sep 20,No of sales ,No of Sales ,Jul - Sep 19,Apr - Jun 20,,,,,,,,,,,,,,,,,,,,,,,,,,,,,
,,,,,,Jul - Sep 20,YTD,Jul - Sep 20,Jul - Sep 20,,,,,,,,,,,,,,,,,,,,,,,,,,,,,
,,,,,,,,,,,,,,,,,,,,,,,,,,,,,,,,,,,,,,
ABBOTSFORD,1160000,1027500,1230000,1080000,1260000,8,33,8.6,16.7,,,,,,,,,,,,,,,,,,,,,,,,,,,,,
ABERFELDIE,1352500,1650000,1732500,1375000,1600000,6,25,18.3,16.4,,,,,,,,,,,,,,,,,,,,,,,,,,,,,
AINTREE,575000,620400,675000,685000,740000,8,52,28.7,8.0,,,,,,,,,,,,,,,,,,,,,,,,,,,,,
AIREYS INLET,700000,1400000,1050000,1010000,1300000,7,19,85.7,28.7,,,,,,,,,,,,,,,,,,,,,,,,,,,,,
AIRPORT WEST,810500,851000,832500,798500,775000,15,69,-4.4,-2.9,,,,,,,,,,,,,,,,,,,,,,,,,,,,,
ALBANVALE,500000,517000,551500,505000,505000,11,34,1.0,0.0,,,,,,,,,,,,,,,,,,,,,,,,,,,,,
ALBERT PARK,2465000,2220000,2040000,1777500,1738800,8,57,-29.5,-2.2,,,,,,,,,,,,,,,,,,,,,,,,,,,,,
ALBION,600000,737500,765000,571000,755000,3,12,25.8,32.2,,,,,,,,,,,,,,,,,,,,,,,,,,,,,
ALEXANDRA,285000,325000,388500,395000,340000,13,42,19.3,-13.9,,,,,,,,,,,,,,,,,,,,,,,,,,,,,
ALFREDTON,498000,485100,500000,500000,510000,67,162,2.4,2.0,,,,,,,,,,,,,,,,,,,,,,,,,,,,,
ALPHINGTON,1700000,1717500,1435500,1930000,1865000,5,19,9.7,-3.4,,,,,,,,,,,,,,,,,,,,,,,,,,,,,
ALTONA,887500,941000,1010000,925000,820000,24,77,-7.6,-11.4,,,,,,,,,,,,,,,,,,,,,,,,,,,,,
ALTONA EAST,900000,855000,802500,892000,805000,4,19,-10.6,-9.8,,,,,,,,,,,,,,,,,,,,,,,,,,,,,
ALTONA MEADOWS,625000,612500,650000,600000,625000,13,51,0.0,4.2,,,,,,,,,,,,,,,,,,,,,,,,,,,,,
ALTONA NORTH,742500,801000,835000,812500,910000,17,79,22.6,12.0,,,,,,,,,,,,,,,,,,,,,,,,,,,,,
ANGLESEA,1000000,1115000,965000,863000,1035000,26,66,3.5,19.9,,,,,,,,,,,,,,,,,,,,,,,,,,,,,
APOLLO BAY,600000,545000,730000,590000,640000,7,23,6.7,8.5,,,,,,,,,,,,,,,,,,,,,,,,,,,,,
ARARAT,219000,227500,234000,240000,280300,44,127,28.0,16.8,,,,,,,,,,,,,,,,,,,,,,,,,,,,,
ARDEER,575000,572000,600000,575000,630000,3,14,9.6,9.6,,,,,,,,,,,,,,,,,,,,,,,,,,,,,
ARMADALE,2610000,2825000,2320000,2500000,2054000,11,45,-21.3,-17.8,,,,,,,,,,,,,,,,,,,,,,,,,,,,,
ARMSTRONG CREEK,540000,527500,531000,550000,572500,65,156,6.0,4.1,,,,,,,,,,,,,,,,,,,,,,,,,,,,,
ASCOT (GREATER BENDIGO),425400,415000,453800,442500,480000,3,27,12.8,8.5,,,,,,,,,,,,,,,,,,,,,,,,,,,,,
ASCOT VALE,978800,1030000,1205000,1280000,1328800,18,94,35.8,3.8,,,,,,,,,,,,,,,,,,,,,,,,,,,,,
ASHBURTON,1760000,1722500,1530000,1528000,1666800,11,48,-5.3,9.1,,,,,,,,,,,,,,,,,,,,,,,,,,,,,
ASHWOOD,1210000,1219400,1156500,1235000,1210500,6,28,0.0,-2.0,,,,,,,,,,,,,,,,,,,,,,,,,,,,,
ASPENDALE,1032500,963000,1187500,1031500,1115000,20,56,8.0,8.1,,,,,,,,,,,,,,,,,,,,,,,,,,,,,
ASPENDALE GARDENS,836000,881500,925000,985000,1002500,2,20,19.9,1.8,,,,,,,,,,,,,,,,,,,,,,,,,,,,,
ATTWOOD,716000,632000,680000,813800,714000,2,15,-0.3,-12.3,,,,,,,,,,,,,,,,,,,,,,,,,,,,,
AVENEL,351000,370000,445000,535000,550000,3,9,56.7,2.8,,,,,,,,,,,,,,,,,,,,,,,,,,,,,
AVOCA,160000,230000,265000,225000,235000,2,15,46.9,4.4,,,,,,,,,,,,,,,,,,,,,,,,,,,,,
AVONDALE HEIGHTS,800000,856000,843800,791000,795000,15,66,-0.6,0.5,,,,,,,,,,,,,,,,,,,,,,,,,,,,,
BACCHUS MARSH,498500,505000,490000,525000,525500,36,98,5.4,0.1,,,,,,,,,,,,,,,,,,,,,,,,,,,,,
BADGER CREEK,435000,498000,497500,572500,525000,3,10,20.7,-8.3,,,,,,,,,,,,,,,,,,,,,,,,,,,,,
BAIRNSDALE,274500,286000,293800,277500,284000,65,151,3.5,2.3,,,,,,,,,,,,,,,,,,,,,,,,,,,,,
BALACLAVA,1502500,1361000,1436000,1390000,1414000,6,22,-5.9,1.7,,,,,,,,,,,,,,,,,,,,,,,,,,,,,
BALCOMBE,1140000,1103000,1070000,1332500,1170000,22,73,2.6,-12.2,,,,,,,,,,,,,,,,,,,,,,,,,,,,,
BALLAN,479500,451000,534500,470000,418800,8,32,-12.7,-10.9,,,,,,,,,,,,,,,,,,,,,,,,,,,,,
BALLARAT CENTRAL,505000,522500,590000,550000,530000,31,83,5.0,-3.6,,,,,,,,,,,,,,,,,,,,,,,,,,,,,
BALLARAT EAST,340000,379000,375500,370000,402500,30,89,18.4,8.8,,,,,,,,,,,,,,,,,,,,,,,,,,,,,
BALLARAT NORTH,400000,457500,412500,421000,371000,24,53,-7.3,-11.9,,,,,,,,,,,,,,,,,,,,,,,,,,,,,
BALNARRING,825000,800000,970000,782500,1015000,3,16,23.0,29.7,,,,,,,,,,,,,,,,,,,,,,,,,,,,,
BALNARRING BEACH,1310500,1275000,1175000,1138500,1350000,1,10,NA,18.6,,,,,,,,,,,,,,,,,,,,,,,,,,,,,
BALWYN,2400000,2408000,2267500,2140000,2115000,16,68,-11.9,-1.2,,,,,,,,,,,,,,,,,,,,,,,,,,,,,
BALWYN NORTH,1752000,1917400,2000100,1872500,1800000,36,149,2.7,-3.9,,,,,,,,,,,,,,,,,,,,,,,,,,,,,
BANDIANA,365000,400300,369000,456300,325000,1,8,-11.0,-28.8,,,,,,,,,,,,,,,,,,,,,,,,,,,,,
BANNOCKBURN,555000,547500,567500,555000,552500,26,68,-0.5,-0.5,,,,,,,,,,,,,,,,,,,,,,,,,,,,,
BARANDUDA,409000,407500,449000,398500,409500,4,17,0.1,2.8,,,,,,,,,,,,,,,,,,,,,,,,,,,,,
BARWON HEADS,913500,1027500,1390000,958500,1052500,22,55,15.2,9.8,,,,,,,,,,,,,,,,,,,,,,,,,,,,,
BAXTER,482500,569000,541500,577500,566000,6,20,17.3,-2.0,,,,,,,,,,,,,,,,,,,,,,,,,,,,,
BAYSWATER,736000,800000,757500,747000,700000,15,62,-4.9,-6.3,,,,,,,,,,,,,,,,,,,,,,,,,,,,,
BAYSWATER NORTH,707900,695600,759500,690000,788000,10,51,11.3,14.2,,,,,,,,,,,,,,,,,,,,,,,,,,,,,
BEACONSFIELD,650000,640000,710000,765000,672500,12,65,3.5,-12.1,,,,,,,,,,,,,,,,,,,,,,,,,,,,,
BEAUFORT,225000,238500,294500,320000,322500,2,17,43.3,0.8,,,,,,,,,,,,,,,,,,,,,,,,,,,,,
BEAUMARIS,1680000,1637500,1690000,1800000,1690000,22,78,0.6,-6.1,,,,,,,,,,,,,,,,,,,,,,,,,,,,,
BEECHWORTH,520000,499000,480000,439100,525000,17,42,1.0,19.6,,,,,,,,,,,,,,,,,,,,,,,,,,,,,
BELGRAVE,620000,691000,664100,641000,650000,13,37,4.8,1.4,,,,,,,,,,,,,,,,,,,,,,,,,,,,,
BELGRAVE HEIGHTS,770000,622500,702500,750000,750000,0,11,NA,NA,,,,,,,,,,,,,,,,,,,,,,,,,,,,,
BELL PARK,487500,480000,500800,500000,495000,19,60,1.5,-1.0,,,,,,,,,,,,,,,,,,,,,,,,,,,,,
BELL POST HILL,457500,476000,560000,492500,497400,27,60,8.7,1.0,,,,,,,,,,,,,,,,,,,,,,,,,,,,,
BELLFIELD (BANYULE),844500,750000,735000,910000,750000,4,13,-11.2,-17.6,,,,,,,,,,,,,,,,,,,,,,,,,,,,,
BELMONT,558800,561000,575500,585000,615000,76,180,10.1,5.1,,,,,,,,,,,,,,,,,,,,,,,,,,,,,
BENALLA,286500,292000,298000,269500,310000,47,134,8.2,15.0,,,,,,,,,,,,,,,,,,,,,,,,,,,,,
BENDIGO,390000,413000,430000,506000,500000,26,87,28.2,-1.2,,,,,,,,,,,,,,,,,,,,,,,,,,,,,
BENTLEIGH,1376000,1411000,1510000,1469000,1500000,17,72,9.0,2.1,,,,,,,,,,,,,,,,,,,,,,,,,,,,,
BENTLEIGH EAST,1225000,1250000,1260800,1155000,1160000,45,174,-5.3,0.4,,,,,,,,,,,,,,,,,,,,,,,,,,,,,
BERWICK,692500,675000,715500,680000,682500,100,360,-1.4,0.4,,,,,,,,,,,,,,,,,,,,,,,,,,,,,
BEVERIDGE,620300,550000,600000,555000,532000,13,30,-14.2,-4.1,,,,,,,,,,,,,,,,,,,,,,,,,,,,,
BIRCHIP,108500,130500,102500,140000,111000,5,15,2.3,-20.7,,,,,,,,,,,,,,,,,,,,,,,,,,,,,
BIRREGURRA,462800,423000,465000,551000,379000,1,12,-18.1,-31.2,,,,,,,,,,,,,,,,,,,,,,,,,,,,,
BITTERN,577500,605000,615000,567500,627500,10,24,8.7,10.6,,,,,,,,,,,,,,,,,,,,,,,,,,,,,
BLACK HILL,532500,515000,420000,405000,400000,7,23,-24.9,-1.2,,,,,,,,,,,,,,,,,,,,,,,,,,,,,
BLACK ROCK,1939300,1727500,1920000,2220000,2110000,2,29,8.8,-5.0,,,,,,,,,,,,,,,,,,,,,,,,,,,,,
BLACKBURN,1310000,1380000,1355500,1387500,1387500,22,84,5.9,0.0,,,,,,,,,,,,,,,,,,,,,,,,,,,,,
BLACKBURN NORTH,978500,1152000,1090000,1046500,872000,6,46,-10.9,-16.7,,,,,,,,,,,,,,,,,,,,,,,,,,,,,
BLACKBURN SOUTH,1003000,1180000,1170000,1061800,1027500,12,51,2.4,-3.2,,,,,,,,,,,,,,,,,,,,,,,,,,,,,
BLACKWOOD,340000,405000,405000,542500,435000,3,11,27.9,-19.8,,,,,,,,,,,,,,,,,,,,,,,,,,,,,
BLAIRGOWRIE,912500,950000,937500,945000,1045000,26,95,14.5,10.6,,,,,,,,,,,,,,,,,,,,,,,,,,,,,
BLIND BIGHT,520000,555000,600000,560000,545000,4,15,4.8,-2.7,,,,,,,,,,,,,,,,,,,,,,,,,,,,,
BONBEACH,900000,908000,965000,900000,885000,11,44,-1.7,-1.7,,,,,,,,,,,,,,,,,,,,,,,,,,,,,
BONSHAW,399000,348500,430000,415000,474000,2,8,18.8,14.2,,,,,,,,,,,,,,,,,,,,,,,,,,,,,
BOOLARRA,230000,283500,283500,245000,175000,1,2,-23.9,-28.6,,,,,,,,,,,,,,,,,,,,,,,,,,,,,
BORONIA,700000,730000,725000,697500,710000,43,154,1.4,1.8,,,,,,,,,,,,,,,,,,,,,,,,,,,,,
BOTANIC RIDGE,675000,720600,726000,720000,762500,23,81,13.0,5.9,,,,,,,,,,,,,,,,,,,,,,,,,,,,,
BOX HILL,1677000,1552500,1613000,1383000,1429000,5,28,-14.8,3.3,,,,,,,,,,,,,,,,,,,,,,,,,,,,,
BOX HILL NORTH,1222500,1265000,1200000,1210000,1180000,19,54,-3.5,-2.5,,,,,,,,,,,,,,,,,,,,,,,,,,,,,
BOX HILL SOUTH,1296400,1283400,1370000,1179500,1060000,11,42,-18.2,-10.1,,,,,,,,,,,,,,,,,,,,,,,,,,,,,
BRAYBROOK,649000,669000,705000,671500,642000,25,79,-1.1,-4.4,,,,,,,,,,,,,,,,,,,,,,,,,,,,,
BREAKWATER,392000,405000,405000,418300,410000,1,5,4.6,-2.0,,,,,,,,,,,,,,,,,,,,,,,,,,,,,
BRIAGOLONG,279000,300000,300000,262500,310000,3,9,11.1,18.1,,,,,,,,,,,,,,,,,,,,,,,,,,,,,
BRIAR HILL,816300,868000,900000,845000,875000,2,9,7.2,3.6,,,,,,,,,,,,,,,,,,,,,,,,,,,,,
BRIGHT,725000,575000,645000,629900,620000,13,32,-14.5,-1.6,,,,,,,,,,,,,,,,,,,,,,,,,,,,,
BRIGHTON,3005000,2707500,2964400,2825000,3325000,23,120,10.6,17.7,,,,,,,,,,,,,,,,,,,,,,,,,,,,,
BRIGHTON EAST,1700300,1762500,1797500,1850000,1895000,28,94,11.5,2.4,,,,,,,,,,,,,,,,,,,,,,,,,,,,,
BROADFORD,420000,445000,412500,420000,503800,16,52,19.9,19.9,,,,,,,,,,,,,,,,,,,,,,,,,,,,,
BROADMEADOWS,490000,562700,566300,554800,550000,20,48,12.2,-0.9,,,,,,,,,,,,,,,,,,,,,,,,,,,,,
BROOKFIELD,440000,480000,512000,460000,530000,23,100,20.5,15.2,,,,,,,,,,,,,,,,,,,,,,,,,,,,,
BROOKLYN,750000,675000,617500,725000,638800,4,11,-14.8,-11.9,,,,,,,,,,,,,,,,,,,,,,,,,,,,,
BROWN HILL,435000,467500,486000,465000,465500,16,36,7.0,0.1,,,,,,,,,,,,,,,,,,,,,,,,,,,,,
BRUNSWICK,1037500,1155000,1208000,1095000,963000,25,95,-7.2,-12.1,,,,,,,,,,,,,,,,,,,,,,,,,,,,,
BRUNSWICK EAST,1192000,992800,1168500,1286500,1120000,7,40,-6.0,-12.9,,,,,,,,,,,,,,,,,,,,,,,,,,,,,
BRUNSWICK WEST,1074500,1140000,1120000,1180000,1135000,16,55,5.6,-3.8,,,,,,,,,,,,,,,,,,,,,,,,,,,,,
BRUTHEN,275000,276500,215000,215000,348000,2,4,26.5,NA,,,,,,,,,,,,,,,,,,,,,,,,,,,,,
BULLEEN,1200000,1210000,1250000,1205000,1100000,12,55,-8.3,-8.7,,,,,,,,,,,,,,,,,,,,,,,,,,,,,
BUNDOORA,754500,770000,767000,698500,695000,34,143,-7.9,-0.5,,,,,,,,,,,,,,,,,,,,,,,,,,,,,
BUNINYONG,470000,445000,572500,590000,605000,13,26,28.7,2.5,,,,,,,,,,,,,,,,,,,,,,,,,,,,,
BUNYIP,445000,558000,785000,545000,535000,7,23,20.2,-1.8,,,,,,,,,,,,,,,,,,,,,,,,,,,,,
BURNSIDE,620000,616000,663000,673500,583800,8,30,-5.8,-13.3,,,,,,,,,,,,,,,,,,,,,,,,,,,,,
BURNSIDE HEIGHTS,685000,595000,618000,651000,662500,10,43,-3.3,1.8,,,,,,,,,,,,,,,,,,,,,,,,,,,,,
BURWOOD,1359000,1200000,1302500,1007500,1331000,9,45,-2.1,32.1,,,,,,,,,,,,,,,,,,,,,,,,,,,,,
BURWOOD EAST,1055000,1106000,1088000,1000000,930000,10,68,-11.8,-7.0,,,,,,,,,,,,,,,,,,,,,,,,,,,,,
CAIRNLEA,772500,730000,807500,789500,800000,9,41,3.6,1.3,,,,,,,,,,,,,,,,,,,,,,,,,,,,,
CALIFORNIA GULLY,312500,290800,318000,300000,310000,23,63,-0.8,3.3,,,,,,,,,,,,,,,,,,,,,,,,,,,,,
CAMBERWELL,2169000,2295000,2022800,2278900,1995000,20,95,-8.0,-12.5,,,,,,,,,,,,,,,,,,,,,,,,,,,,,
CAMPBELLFIELD,505000,544000,530000,515000,575000,7,20,13.9,11.7,,,,,,,,,,,,,,,,,,,,,,,,,,,,,
CAMPBELLS CREEK,483000,530000,442000,430000,545000,7,19,12.8,26.7,,,,,,,,,,,,,,,,,,,,,,,,,,,,,
CAMPERDOWN,252500,295300,250000,258000,306500,16,54,21.4,18.8,,,,,,,,,,,,,,,,,,,,,,,,,,,,,
CANADIAN,377500,357000,385100,427500,416000,19,59,10.2,-2.7,,,,,,,,,,,,,,,,,,,,,,,,,,,,,
CANTERBURY,3268000,3100000,2625000,2700000,2670000,9,48,-18.3,-1.1,,,,,,,,,,,,,,,,,,,,,,,,,,,,,
CAPE PATERSON,560000,557500,657300,675000,445000,6,22,-20.5,-34.1,,,,,,,,,,,,,,,,,,,,,,,,,,,,,
CAPE SCHANCK,1075000,1010000,1018500,1095500,1312500,2,10,22.1,19.8,,,,,,,,,,,,,,,,,,,,,,,,,,,,,
CAPEL SOUND,510000,500000,600000,565000,527500,18,54,3.4,-6.6,,,,,,,,,,,,,,,,,,,,,,,,,,,,,
CARISBROOK,305000,315000,238500,185000,320000,3,8,NA,73.0,,,,,,,,,,,,,,,,,,,,,,,,,,,,,
CARLTON,1134000,1750000,1522500,1227500,1315000,1,17,16.0,7.1,,,,,,,,,,,,,,,,,,,,,,,,,,,,,
CARLTON NORTH,1512500,1816000,1347500,1600000,1520000,13,30,0.5,-5.0,,,,,,,,,,,,,,,,,,,,,,,,,,,,,
CARNEGIE,1262500,1507500,1371000,1366000,1356000,11,36,7.4,-0.7,,,,,,,,,,,,,,,,,,,,,,,,,,,,,
CAROLINE SPRINGS,620000,652500,655000,680000,607500,32,152,-2.0,-10.7,,,,,,,,,,,,,,,,,,,,,,,,,,,,,
CARRUM,836300,750000,900000,979000,690000,7,22,-17.5,-29.5,,,,,,,,,,,,,,,,,,,,,,,,,,,,,
CARRUM DOWNS,527500,544600,575000,550000,580000,50,197,10.0,5.5,,,,,,,,,,,,,,,,,,,,,,,,,,,,,
CASTERTON,170000,122500,161500,120000,117500,10,32,-30.9,-2.1,,,,,,,,,,,,,,,,,,,,,,,,,,,,,
CASTLEMAINE,452000,559000,562500,480000,508800,28,79,12.6,6.0,,,,,,,,,,,,,,,,,,,,,,,,,,,,,
CAULFIELD,1830000,1811000,2125000,1795000,1705000,3,13,-6.8,-5.0,,,,,,,,,,,,,,,,,,,,,,,,,,,,,
CAULFIELD EAST,1340000,1372500,1748500,900000,920000,1,8,-31.3,2.2,,,,,,,,,,,,,,,,,,,,,,,,,,,,,
CAULFIELD NORTH,2200000,2625000,2557500,1956000,1709000,11,57,-22.3,-12.6,,,,,,,,,,,,,,,,,,,,,,,,,,,,,
CAULFIELD SOUTH,1360000,1722500,1725000,1727500,1735000,14,53,27.6,0.4,,,,,,,,,,,,,,,,,,,,,,,,,,,,,
CHADSTONE,925000,1190000,1182000,966500,1145000,7,27,23.8,18.5,,,,,,,,,,,,,,,,,,,,,,,,,,,,,
CHARLEMONT,460000,495300,540000,533500,535000,8,27,16.3,0.3,,,,,,,,,,,,,,,,,,,,,,,,,,,,,
CHARLTON,141000,135000,197500,137500,150000,6,19,6.4,9.1,,,,,,,,,,,,,,,,,,,,,,,,,,,,,
CHELSEA,900000,960000,880000,985000,1025000,9,43,13.9,4.1,,,,,,,,,,,,,,,,,,,,,,,,,,,,,
CHELSEA HEIGHTS,710000,790400,845000,790000,770000,9,30,8.5,-2.5,,,,,,,,,,,,,,,,,,,,,,,,,,,,,
CHELTENHAM,1137000,1175000,1170000,1146000,1085000,17,71,-4.6,-5.3,,,,,,,,,,,,,,,,,,,,,,,,,,,,,
CHELTENHAM EAST,935000,955500,1038000,917500,930000,11,28,-0.5,1.4,,,,,,,,,,,,,,,,,,,,,,,,,,,,,
CHELTENHAM NORTH,1057500,1036000,950500,905000,815000,7,27,-22.9,-9.9,,,,,,,,,,,,,,,,,,,,,,,,,,,,,
CHEWTON,475000,532500,576000,520000,403800,2,7,-15.0,-22.4,,,,,,,,,,,,,,,,,,,,,,,,,,,,,
CHILTERN,187200,221500,311100,311100,321000,6,10,71.5,NA,,,,,,,,,,,,,,,,,,,,,,,,,,,,,
CHIRNSIDE PARK,730000,675000,760000,770300,745000,26,108,2.1,-3.3,,,,,,,,,,,,,,,,,,,,,,,,,,,,,
CHURCHILL,180000,192300,197000,210000,235000,27,72,30.6,11.9,,,,,,,,,,,,,,,,,,,,,,,,,,,,,
CLARINDA,789000,846600,852500,843800,890000,4,29,12.8,5.5,,,,,,,,,,,,,,,,,,,,,,,,,,,,,
CLAYTON,1082500,1166000,1121000,1030000,1005900,4,24,-7.1,-2.3,,,,,,,,,,,,,,,,,,,,,,,,,,,,,
CLAYTON NORTH,1240000,1644000,1655000,1444400,895100,1,5,-27.8,-38.0,,,,,,,,,,,,,,,,,,,,,,,,,,,,,
CLAYTON SOUTH,832000,880000,800000,830000,830000,5,23,-0.2,0.0,,,,,,,,,,,,,,,,,,,,,,,,,,,,,
CLIFTON HILL,1250000,1553000,1538500,1345000,1040000,6,31,-16.8,-22.7,,,,,,,,,,,,,,,,,,,,,,,,,,,,,
CLIFTON SPRINGS,459800,489000,517000,505500,500000,45,118,8.7,-1.1,,,,,,,,,,,,,,,,,,,,,,,,,,,,,
CLUNES,310000,372500,305000,360000,292500,10,19,-5.6,-18.8,,,,,,,,,,,,,,,,,,,,,,,,,,,,,
CLYDE,542500,582000,565800,590000,587500,34,130,8.3,-0.4,,,,,,,,,,,,,,,,,,,,,,,,,,,,,
CLYDE NORTH,571000,605000,600000,592000,575000,60,224,0.7,-2.9,,,,,,,,,,,,,,,,,,,,,,,,,,,,,
COBBLEBANK,493000,524000,465000,528500,495000,8,27,0.4,-6.3,,,,,,,,,,,,,,,,,,,,,,,,,,,,,
COBDEN,195000,300000,230000,276500,293000,4,19,50.3,6.0,,,,,,,,,,,,,,,,,,,,,,,,,,,,,
COBRAM,302500,275000,304000,252000,239000,35,76,-21.0,-5.2,,,,,,,,,,,,,,,,,,,,,,,,,,,,,
COBURG,953000,1070000,1132500,970000,1080000,26,129,13.3,11.3,,,,,,,,,,,,,,,,,,,,,,,,,,,,,
COBURG EAST,960000,934000,943500,945000,1090000,5,41,13.5,15.3,,,,,,,,,,,,,,,,,,,,,,,,,,,,,
COBURG NORTH,850000,825000,915000,862600,880000,9,38,3.5,2.0,,,,,,,,,,,,,,,,,,,,,,,,,,,,,
COCKATOO,570000,660000,600000,509000,635000,13,34,11.4,24.8,,,,,,,,,,,,,,,,,,,,,,,,,,,,,
COHUNA,197000,192500,193000,240000,225000,17,42,14.2,-6.3,,,,,,,,,,,,,,,,,,,,,,,,,,,,,
COLAC,300100,315000,352500,337500,347000,37,117,15.6,2.8,,,,,,,,,,,,,,,,,,,,,,,,,,,,,
COLDSTREAM,638600,645000,656000,652000,647800,2,18,1.4,-0.7,,,,,,,,,,,,,,,,,,,,,,,,,,,,,
COLERAINE,103000,165000,120000,147500,125000,11,20,21.4,-15.3,,,,,,,,,,,,,,,,,,,,,,,,,,,,,
COLLINGWOOD,1010000,1173000,1172500,1602500,1048000,6,28,3.8,-34.6,,,,,,,,,,,,,,,,,,,,,,,,,,,,,
COOLAROO,438300,455000,480000,420300,500000,4,13,14.1,19.0,,,,,,,,,,,,,,,,,,,,,,,,,,,,,
COONANS HILL,815000,905000,985000,980000,1050000,3,15,28.8,7.1,,,,,,,,,,,,,,,,,,,,,,,,,,,,,
COONGULLA,285000,355800,310000,310000,265000,2,3,-7.0,NA,,,,,,,,,,,,,,,,,,,,,,,,,,,,,
CORINELLA,335000,345000,467500,450000,595000,6,19,77.6,32.2,,,,,,,,,,,,,,,,,,,,,,,,,,,,,
CORIO,350000,374800,367500,380000,392500,56,147,12.1,3.3,,,,,,,,,,,,,,,,,,,,,,,,,,,,,
CORONET BAY,347500,388800,380000,380000,364000,8,25,4.7,-4.2,,,,,,,,,,,,,,,,,,,,,,,,,,,,,
COROROOKE,215000,142000,142000,335000,335000,0,6,NA,NA,,,,,,,,,,,,,,,,,,,,,,,,,,,,,
CORRYONG,282500,241000,211500,190000,258500,8,25,-8.5,36.1,,,,,,,,,,,,,,,,,,,,,,,,,,,,,
COWES,600000,605000,542000,602300,580000,13,32,-3.3,-3.7,,,,,,,,,,,,,,,,,,,,,,,,,,,,,
COWES WEST,520000,475000,488500,466300,535300,34,110,2.9,14.8,,,,,,,,,,,,,,,,,,,,,,,,,,,,,
CRAIGIEBURN,530000,539000,560800,567000,572600,126,481,8.0,1.0,,,,,,,,,,,,,,,,,,,,,,,,,,,,,
CRANBOURNE,508800,501000,518800,492500,504900,50,174,-0.8,2.5,,,,,,,,,,,,,,,,,,,,,,,,,,,,,
CRANBOURNE EAST,559500,593000,560000,540000,580000,47,155,3.7,7.4,,,,,,,,,,,,,,,,,,,,,,,,,,,,,
CRANBOURNE NORTH,578200,570000,575000,596500,580000,33,168,0.3,-2.8,,,,,,,,,,,,,,,,,,,,,,,,,,,,,
CRANBOURNE SOUTH,625000,636800,637900,640000,580500,2,8,-7.1,-9.3,,,,,,,,,,,,,,,,,,,,,,,,,,,,,
CRANBOURNE WEST,511000,530000,540000,530500,542500,43,212,6.2,2.3,,,,,,,,,,,,,,,,,,,,,,,,,,,,,
CREMORNE,1190000,1299500,1472500,1051000,1028000,3,12,-13.6,-2.2,,,,,,,,,,,,,,,,,,,,,,,,,,,,,
CRESWICK,350000,365000,370000,380000,395000,17,51,12.9,3.9,,,,,,,,,,,,,,,,,,,,,,,,,,,,,
CRIB POINT,568500,502800,577000,578800,580000,12,33,2.0,0.2,,,,,,,,,,,,,,,,,,,,,,,,,,,,,
CROYDON,725000,780000,767500,737000,742000,39,158,2.3,0.7,,,,,,,,,,,,,,,,,,,,,,,,,,,,,
CROYDON HILLS,815500,868000,955000,1004000,880000,7,26,7.9,-12.4,,,,,,,,,,,,,,,,,,,,,,,,,,,,,
CROYDON NORTH,815500,864000,902500,850000,802500,12,44,-1.6,-5.6,,,,,,,,,,,,,,,,,,,,,,,,,,,,,
CROYDON SOUTH,688000,750000,762500,828000,690000,11,40,0.3,-16.7,,,,,,,,,,,,,,,,,,,,,,,,,,,,,
CURLEWIS,535000,570000,546000,485000,572500,20,45,7.0,18.0,,,,,,,,,,,,,,,,,,,,,,,,,,,,,
DALLAS,442500,460000,480000,450000,475500,8,36,7.5,5.7,,,,,,,,,,,,,,,,,,,,,,,,,,,,,
DALYSTON,373500,410000,350000,385000,445000,1,13,19.1,15.6,,,,,,,,,,,,,,,,,,,,,,,,,,,,,
DANDENONG,600000,623500,630000,616000,599000,25,101,-0.2,-2.8,,,,,,,,,,,,,,,,,,,,,,,,,,,,,
DANDENONG NORTH,605000,637500,651000,630000,635000,26,92,5.0,0.8,,,,,,,,,,,,,,,,,,,,,,,,,,,,,
DARLEY,520100,555000,535000,485000,470000,22,75,-9.6,-3.1,,,,,,,,,,,,,,,,,,,,,,,,,,,,,
DAYLESFORD,560000,600000,665000,638800,665000,19,55,18.8,4.1,,,,,,,,,,,,,,,,,,,,,,,,,,,,,
DEEPDENE,2680000,2880000,5475000,2915000,3150000,5,9,17.5,8.1,,,,,,,,,,,,,,,,,,,,,,,,,,,,,
DEER PARK,540000,602500,584500,558000,565000,28,121,4.6,1.3,,,,,,,,,,,,,,,,,,,,,,,,,,,,,
DELACOMBE,365000,395000,365000,392500,425000,27,64,16.4,8.3,,,,,,,,,,,,,,,,,,,,,,,,,,,,,
DELAHEY,535000,590000,602000,541500,580000,15,45,8.4,7.1,,,,,,,,,,,,,,,,,,,,,,,,,,,,,
DENNINGTON,280000,405000,427300,390000,382500,8,25,36.6,-1.9,,,,,,,,,,,,,,,,,,,,,,,,,,,,,
DERRIMUT,671500,680000,630000,645000,607000,4,33,-9.6,-5.9,,,,,,,,,,,,,,,,,,,,,,,,,,,,,
DIAMOND CREEK,775000,741800,762200,749000,770000,18,79,-0.6,2.8,,,,,,,,,,,,,,,,,,,,,,,,,,,,,
DIGGERS REST,495000,567500,530000,537800,573500,10,39,15.9,6.6,,,,,,,,,,,,,,,,,,,,,,,,,,,,,
DIMBOOLA,95000,93000,157000,222500,150000,13,23,57.9,-32.6,,,,,,,,,,,,,,,,,,,,,,,,,,,,,
DINGLEY VILLAGE,860000,890000,940000,880000,920000,13,37,7.0,4.5,,,,,,,,,,,,,,,,,,,,,,,,,,,,,
DINNER PLAIN,610000,515000,452500,557500,697500,6,16,14.3,25.1,,,,,,,,,,,,,,,,,,,,,,,,,,,,,
DONALD,145000,105000,164000,125000,132000,12,31,-9.0,5.6,,,,,,,,,,,,,,,,,,,,,,,,,,,,,
DONCASTER,1280000,1300000,1326300,1235000,1255000,23,102,-2.0,1.6,,,,,,,,,,,,,,,,,,,,,,,,,,,,,
DONCASTER EAST,1185000,1267500,1270400,1237500,1217500,38,158,2.7,-1.6,,,,,,,,,,,,,,,,,,,,,,,,,,,,,
DONNYBROOK,510000,540000,622500,707500,725000,1,13,42.2,2.5,,,,,,,,,,,,,,,,,,,,,,,,,,,,,
DONVALE,1285000,1199000,1150000,1123500,1115000,8,43,-13.2,-0.8,,,,,,,,,,,,,,,,,,,,,,,,,,,,,
DOREEN,585000,611000,620000,597500,600500,62,245,2.6,0.5,,,,,,,,,,,,,,,,,,,,,,,,,,,,,
DOVETON,450000,485000,490000,463000,490000,23,75,8.9,5.8,,,,,,,,,,,,,,,,,,,,,,,,,,,,,
DROMANA,708000,655500,725000,800000,760000,18,76,7.3,-5.0,,,,,,,,,,,,,,,,,,,,,,,,,,,,,
DROUIN,425000,451300,467500,462500,450000,66,168,5.9,-2.7,,,,,,,,,,,,,,,,,,,,,,,,,,,,,
DRYSDALE,572500,636300,630000,517500,600000,15,37,4.8,15.9,,,,,,,,,,,,,,,,,,,,,,,,,,,,,
DUNKELD,292500,172500,267500,610000,220000,6,11,-24.8,-63.9,,,,,,,,,,,,,,,,,,,,,,,,,,,,,
DUNNSTOWN,-,607500,549900,390000,485000,1,3,0.0,24.4,,,,,,,,,,,,,,,,,,,,,,,,,,,,,
DUNOLLY,257000,158800,209000,245000,212000,3,9,-17.5,-13.5,,,,,,,,,,,,,,,,,,,,,,,,,,,,,
EAGLE POINT,382000,425000,370800,468000,397500,5,18,4.1,-15.1,,,,,,,,,,,,,,,,,,,,,,,,,,,,,
EAGLEHAWK,329000,336000,344800,325500,363000,19,72,10.3,11.5,,,,,,,,,,,,,,,,,,,,,,,,,,,,,
EAGLEMONT,1799000,1630000,1875000,2029000,1790000,4,27,-0.5,-11.8,,,,,,,,,,,,,,,,,,,,,,,,,,,,,
EAST BAIRNSDALE,235000,313000,335000,314500,316000,8,15,34.5,0.5,,,,,,,,,,,,,,,,,,,,,,,,,,,,,
EAST BENDIGO,388500,409300,398500,344000,408300,12,27,5.1,18.7,,,,,,,,,,,,,,,,,,,,,,,,,,,,,
EAST GEELONG,590000,710000,865000,760000,815000,16,35,38.1,7.2,,,,,,,,,,,,,,,,,,,,,,,,,,,,,
EAST MELBOURNE,3350000,3837500,2350000,2100000,2100000,0,6,NA,NA,,,,,,,,,,,,,,,,,,,,,,,,,,,,,
EAST WARBURTON,525000,469000,532500,593000,593000,0,5,NA,NA,,,,,,,,,,,,,,,,,,,,,,,,,,,,,
EASTWOOD,440000,410000,395000,437500,413000,13,38,-6.1,-5.6,,,,,,,,,,,,,,,,,,,,,,,,,,,,,
ECHUCA,386300,370000,382000,427500,382500,62,143,-1.0,-10.5,,,,,,,,,,,,,,,,,,,,,,,,,,,,,
EDENHOPE,104000,162800,162800,177000,160000,12,13,53.8,-9.6,,,,,,,,,,,,,,,,,,,,,,,,,,,,,
EDITHVALE,950000,1055000,1067500,960000,1005000,11,44,5.8,4.7,,,,,,,,,,,,,,,,,,,,,,,,,,,,,
EILDON,207500,260000,282500,283000,290000,5,20,39.8,2.5,,,,,,,,,,,,,,,,,,,,,,,,,,,,,
ELLIMINYT,462500,469000,380000,482500,475000,7,27,2.7,-1.6,,,,,,,,,,,,,,,,,,,,,,,,,,,,,
ELMORE,332500,210500,235000,377500,273400,4,14,-17.8,-27.6,,,,,,,,,,,,,,,,,,,,,,,,,,,,,
ELSTERNWICK,2055000,1927500,2375000,2062500,2355000,8,25,14.6,14.2,,,,,,,,,,,,,,,,,,,,,,,,,,,,,
ELTHAM,937500,982500,915000,986000,855000,15,93,-8.8,-13.3,,,,,,,,,,,,,,,,,,,,,,,,,,,,,
ELTHAM NORTH,1044500,930000,1000000,991000,1135000,7,38,8.7,14.5,,,,,,,,,,,,,,,,,,,,,,,,,,,,,
ELWOOD,1955000,1995000,1730000,2040000,2277500,14,61,16.5,11.6,,,,,,,,,,,,,,,,,,,,,,,,,,,,,
EMERALD,662500,700000,742500,700000,670000,7,40,1.1,-4.3,,,,,,,,,,,,,,,,,,,,,,,,,,,,,
ENDEAVOUR HILLS,620000,638000,658300,645000,648300,31,144,4.6,0.5,,,,,,,,,,,,,,,,,,,,,,,,,,,,,
EPPING,524400,580000,579800,567500,570000,51,194,8.7,0.4,,,,,,,,,,,,,,,,,,,,,,,,,,,,,
EPSOM,366300,375000,410000,416800,430000,23,60,17.4,3.2,,,,,,,,,,,,,,,,,,,,,,,,,,,,,
ESSENDON,1400000,1550000,1453500,1387500,1280000,19,91,-8.6,-7.7,,,,,,,,,,,,,,,,,,,,,,,,,,,,,
ESSENDON NORTH,935000,1100000,1090000,1260000,1047500,2,11,12.0,-16.9,,,,,,,,,,,,,,,,,,,,,,,,,,,,,
ESSENDON WEST,1140000,1320000,1378000,1300000,1257500,2,12,10.3,-3.3,,,,,,,,,,,,,,,,,,,,,,,,,,,,,
EUMEMMERRING,561500,520000,556500,525000,540000,1,13,-3.8,2.9,,,,,,,,,,,,,,,,,,,,,,,,,,,,,
EUREKA,345000,371500,315000,475000,320000,3,6,-7.2,-32.6,,,,,,,,,,,,,,,,,,,,,,,,,,,,,
EUROA,250000,338000,360000,355000,360000,14,31,44.0,1.4,,,,,,,,,,,,,,,,,,,,,,,,,,,,,
EYNESBURY,599500,578000,547000,630000,570000,5,29,-4.9,-9.5,,,,,,,,,,,,,,,,,,,,,,,,,,,,,
FAIRFIELD,1060000,1215000,1445000,1240000,1425500,10,23,34.5,15.0,,,,,,,,,,,,,,,,,,,,,,,,,,,,,
FAIRHAVEN,742500,1395000,1420000,2200000,1220000,1,8,64.3,-44.5,,,,,,,,,,,,,,,,,,,,,,,,,,,,,
FAWKNER,690000,702000,708300,710000,687000,20,81,-0.4,-3.2,,,,,,,,,,,,,,,,,,,,,,,,,,,,,
FERNTREE GULLY,706500,765000,758300,729400,740000,33,157,4.7,1.5,,,,,,,,,,,,,,,,,,,,,,,,,,,,,
FERNY CREEK,728000,703500,920000,815000,750000,3,8,3.0,-8.0,,,,,,,,,,,,,,,,,,,,,,,,,,,,,
FINGAL,1280000,1860000,991300,1176000,1475000,6,16,15.2,25.4,,,,,,,,,,,,,,,,,,,,,,,,,,,,,
FITZROY,1392500,1570000,1340000,1459000,1440000,6,33,3.4,-1.3,,,,,,,,,,,,,,,,,,,,,,,,,,,,,
FITZROY NORTH,1275000,1450000,1672500,1625000,1450000,8,59,13.7,-10.8,,,,,,,,,,,,,,,,,,,,,,,,,,,,,
FIVEWAYS,957500,637000,490000,411000,535000,5,9,-44.1,30.2,,,,,,,,,,,,,,,,,,,,,,,,,,,,,
FLEMINGTON,1100000,1019500,1017000,915000,985000,3,29,-10.5,7.7,,,,,,,,,,,,,,,,,,,,,,,,,,,,,
FLINDERS,1400000,1415000,1653000,2472500,2432500,6,18,73.8,-1.6,,,,,,,,,,,,,,,,,,,,,,,,,,,,,
FLORA HILL,361000,385000,384500,362500,390000,15,39,8.0,7.6,,,,,,,,,,,,,,,,,,,,,,,,,,,,,
FLOWERDALE,285000,405000,420000,398000,317500,2,9,11.4,-20.2,,,,,,,,,,,,,,,,,,,,,,,,,,,,,
FOOTSCRAY,816000,883500,970000,810000,801100,17,69,-1.8,-1.1,,,,,,,,,,,,,,,,,,,,,,,,,,,,,
FOREST HILL,990000,925000,1075000,978500,962500,6,38,-2.8,-1.6,,,,,,,,,,,,,,,,,,,,,,,,,,,,,
FOSTER,320000,330000,400000,349000,387500,6,18,21.1,11.0,,,,,,,,,,,,,,,,,,,,,,,,,,,,,
FRANKSTON,586300,600000,618000,616600,615000,81,292,4.9,-0.3,,,,,,,,,,,,,,,,,,,,,,,,,,,,,
FRANKSTON NORTH,427500,430800,455000,435000,428000,22,67,0.1,-1.6,,,,,,,,,,,,,,,,,,,,,,,,,,,,,
FRANKSTON SOUTH,827500,841500,820000,866500,840000,41,135,1.5,-3.1,,,,,,,,,,,,,,,,,,,,,,,,,,,,,
FRASER RISE,579000,640000,635000,605000,611800,16,63,5.7,1.1,,,,,,,,,,,,,,,,,,,,,,,,,,,,,
FYANSFORD,650000,787000,750000,1007500,806000,5,11,NA,-20.0,,,,,,,,,,,,,,,,,,,,,,,,,,,,,
GARDEN CITY,1470000,1300000,1387500,1315000,1750000,1,6,19.0,33.1,,,,,,,,,,,,,,,,,,,,,,,,,,,,,
GARFIELD,540000,530000,600000,610000,623300,4,11,15.4,2.2,,,,,,,,,,,,,,,,,,,,,,,,,,,,,
GEELONG,710800,658000,795000,1150000,823500,17,35,15.9,-28.4,,,,,,,,,,,,,,,,,,,,,,,,,,,,,
GEELONG WEST,680000,688000,770000,705000,723600,30,89,6.4,2.6,,,,,,,,,,,,,,,,,,,,,,,,,,,,,
GEMBROOK,602500,676000,630000,600000,730000,3,12,21.2,21.7,,,,,,,,,,,,,,,,,,,,,,,,,,,,,
GISBORNE,730000,757500,782000,810000,830000,26,90,13.7,2.5,,,,,,,,,,,,,,,,,,,,,,,,,,,,,
GLADSTONE PARK,642000,650000,650000,610000,632000,11,55,-1.6,3.6,,,,,,,,,,,,,,,,,,,,,,,,,,,,,
GLEN HUNTLY,1602000,1440000,1350500,1149000,1017500,4,11,-36.5,-11.4,,,,,,,,,,,,,,,,,,,,,,,,,,,,,
GLEN IRIS,1920000,2094000,2100000,2080000,2142000,27,106,11.6,3.0,,,,,,,,,,,,,,,,,,,,,,,,,,,,,
GLEN WAVERLEY,1250000,1339800,1285000,1236000,1260000,43,192,0.8,1.9,,,,,,,,,,,,,,,,,,,,,,,,,,,,,
GLENROWAN,365000,372500,372500,330000,345000,3,8,-5.5,4.5,,,,,,,,,,,,,,,,,,,,,,,,,,,,,
GLENROY,705000,747500,740000,715000,760000,19,87,7.8,6.3,,,,,,,,,,,,,,,,,,,,,,,,,,,,,
GOLDEN BEACH,255300,220000,300000,250000,262500,10,21,2.8,5.0,,,,,,,,,,,,,,,,,,,,,,,,,,,,,
GOLDEN POINT (BALLARAT),392500,352500,378500,467500,395000,11,34,0.6,-15.5,,,,,,,,,,,,,,,,,,,,,,,,,,,,,
GOLDEN SQUARE,333800,342500,365000,342600,386500,46,131,15.8,12.8,,,,,,,,,,,,,,,,,,,,,,,,,,,,,
GORDON,380000,630000,649500,649500,559000,4,6,47.1,NA,,,,,,,,,,,,,,,,,,,,,,,,,,,,,
GOUGHS BAY,274800,365000,500000,263000,382000,3,10,39.0,45.2,,,,,,,,,,,,,,,,,,,,,,,,,,,,,
GOWANBRAE,697000,750000,764000,647500,585000,3,15,-16.1,-9.7,,,,,,,,,,,,,,,,,,,,,,,,,,,,,
GRANTVILLE,392500,460000,452500,360000,375000,5,24,-4.5,4.2,,,,,,,,,,,,,,,,,,,,,,,,,,,,,
GREEN LAKE,304500,195000,375000,360000,253000,2,13,-16.9,-29.7,,,,,,,,,,,,,,,,,,,,,,,,,,,,,
GREENSBOROUGH,785600,825000,835000,864300,810000,35,114,3.1,-6.3,,,,,,,,,,,,,,,,,,,,,,,,,,,,,
GREENVALE,707500,720000,721000,705000,721500,31,133,2.0,2.3,,,,,,,,,,,,,,,,,,,,,,,,,,,,,
GROVEDALE,480000,530000,547000,530000,522500,62,158,8.9,-1.4,,,,,,,,,,,,,,,,,,,,,,,,,,,,,
HADFIELD,726500,750000,730000,716300,780000,9,42,7.4,8.9,,,,,,,,,,,,,,,,,,,,,,,,,,,,,
HALLAM,555000,577500,590000,605500,585300,13,52,5.5,-3.3,,,,,,,,,,,,,,,,,,,,,,,,,,,,,
HALLS GAP,302800,320000,397500,350000,345000,7,15,14.0,-1.4,,,,,,,,,,,,,,,,,,,,,,,,,,,,,
HAMILTON,200000,220000,237500,212500,253800,70,171,26.9,19.4,,,,,,,,,,,,,,,,,,,,,,,,,,,,,
HAMLYN HEIGHTS,550000,550500,560000,577500,535000,35,90,-2.7,-7.4,,,,,,,,,,,,,,,,,,,,,,,,,,,,,
HAMPTON,1799000,1918000,1855000,1980000,2138800,20,76,18.9,8.0,,,,,,,,,,,,,,,,,,,,,,,,,,,,,
HAMPTON EAST,1235000,1255000,1330000,1285000,1207500,6,42,-2.2,-6.0,,,,,,,,,,,,,,,,,,,,,,,,,,,,,
HAMPTON PARK,515500,510000,525000,530000,541500,42,165,5.0,2.2,,,,,,,,,,,,,,,,,,,,,,,,,,,,,
HARCOURT,300000,417500,490000,490000,570000,5,10,90.0,NA,,,,,,,,,,,,,,,,,,,,,,,,,,,,,
HARKNESS,480000,480000,470000,465000,463000,37,134,-3.5,-0.4,,,,,,,,,,,,,,,,,,,,,,,,,,,,,
HASTINGS,508500,512500,555000,555000,560000,19,83,10.1,0.9,,,,,,,,,,,,,,,,,,,,,,,,,,,,,
HASTINGS WEST,441900,450000,561000,547600,465000,11,27,5.2,-15.1,,,,,,,,,,,,,,,,,,,,,,,,,,,,,
HAWTHORN,1865000,2427500,2665000,2400000,2500000,21,83,34.0,4.2,,,,,,,,,,,,,,,,,,,,,,,,,,,,,
HAWTHORN EAST,2412500,2250000,2177500,2370000,2806000,11,44,16.3,18.4,,,,,,,,,,,,,,,,,,,,,,,,,,,,,
HEALESVILLE,547500,613000,570000,610000,591000,12,50,7.9,-3.1,,,,,,,,,,,,,,,,,,,,,,,,,,,,,
HEATHCOTE,295500,320000,370000,340000,280000,5,23,-5.2,-17.6,,,,,,,,,,,,,,,,,,,,,,,,,,,,,
HEATHERTON,985000,1000000,865000,991000,860000,5,21,-12.7,-13.2,,,,,,,,,,,,,,,,,,,,,,,,,,,,,
HEATHMONT,852000,915000,890000,940000,927500,14,46,8.9,-1.3,,,,,,,,,,,,,,,,,,,,,,,,,,,,,
HEIDELBERG,1090500,1305000,1325000,1092000,1180000,9,27,8.2,8.1,,,,,,,,,,,,,,,,,,,,,,,,,,,,,
HEIDELBERG HEIGHTS,775000,770000,916000,705000,815000,8,32,5.2,15.6,,,,,,,,,,,,,,,,,,,,,,,,,,,,,
HEIDELBERG WEST,670000,662300,795000,681000,658500,4,28,-1.7,-3.3,,,,,,,,,,,,,,,,,,,,,,,,,,,,,
HEPBURN,445000,450000,485000,560000,482500,4,10,8.4,-13.8,,,,,,,,,,,,,,,,,,,,,,,,,,,,,
HEPBURN SPRINGS,540000,570000,558800,565000,570000,7,16,5.6,0.9,,,,,,,,,,,,,,,,,,,,,,,,,,,,,
HERNE HILL,497500,532500,542500,583500,631000,13,37,26.8,8.1,,,,,,,,,,,,,,,,,,,,,,,,,,,,,
HEYFIELD,169300,183500,207500,197000,240000,15,34,41.8,21.8,,,,,,,,,,,,,,,,,,,,,,,,,,,,,
HEYWOOD,185500,162500,210000,188000,169800,8,21,-8.5,-9.7,,,,,,,,,,,,,,,,,,,,,,,,,,,,,
HIGHETT,1280000,1333800,1300000,1300000,1230000,13,70,-3.9,-5.4,,,,,,,,,,,,,,,,,,,,,,,,,,,,,
HIGHTON,695000,692500,730000,710000,742500,77,199,6.8,4.6,,,,,,,,,,,,,,,,,,,,,,,,,,,,,
HILLSIDE (MELTON),630300,650000,671000,670000,657500,18,90,4.3,-1.9,,,,,,,,,,,,,,,,,,,,,,,,,,,,,
HOPETOUN,91300,152000,160000,168000,110000,8,18,20.5,-34.5,,,,,,,,,,,,,,,,,,,,,,,,,,,,,
HOPPERS CROSSING,537500,525000,535000,550000,550000,62,248,2.3,0.0,,,,,,,,,,,,,,,,,,,,,,,,,,,,,
HORSHAM,269000,265000,254000,242500,260000,93,243,-3.3,7.2,,,,,,,,,,,,,,,,,,,,,,,,,,,,,
HUGHESDALE,1125500,1308500,1457500,1402500,1522500,5,15,35.3,8.6,,,,,,,,,,,,,,,,,,,,,,,,,,,,,
HUNTINGDALE,871000,1016000,1220300,1040000,1040000,0,8,NA,NA,,,,,,,,,,,,,,,,,,,,,,,,,,,,,
HUNTLY,348800,367500,372500,371000,395000,18,36,13.3,6.5,,,,,,,,,,,,,,,,,,,,,,,,,,,,,
HURSTBRIDGE,670000,740500,740000,772500,720000,3,12,7.5,-6.8,,,,,,,,,,,,,,,,,,,,,,,,,,,,,
INDENTED HEAD,797500,615500,605000,497500,537500,6,21,-32.6,8.0,,,,,,,,,,,,,,,,,,,,,,,,,,,,,
INGLEWOOD,250000,185000,275000,195000,212000,7,16,-15.2,8.7,,,,,,,,,,,,,,,,,,,,,,,,,,,,,
INVERLOCH,575000,625000,649500,630000,622500,38,132,8.3,-1.2,,,,,,,,,,,,,,,,,,,,,,,,,,,,,
INVERMAY PARK,450000,500000,515000,440000,485000,15,27,7.8,10.2,,,,,,,,,,,,,,,,,,,,,,,,,,,,,
IRONBARK,313000,280000,465500,372900,395000,5,17,26.2,5.9,,,,,,,,,,,,,,,,,,,,,,,,,,,,,
IRYMPLE,418000,393000,315000,290000,383300,22,52,-8.3,32.2,,,,,,,,,,,,,,,,,,,,,,,,,,,,,
IVANHOE,1700000,1482500,1565000,1590000,1880000,9,42,10.6,18.2,,,,,,,,,,,,,,,,,,,,,,,,,,,,,
IVANHOE EAST,1853800,2044000,2145000,1712500,3125000,2,15,68.6,82.5,,,,,,,,,,,,,,,,,,,,,,,,,,,,,
JACANA,524500,517500,587500,615000,555000,2,8,5.8,-9.8,,,,,,,,,,,,,,,,,,,,,,,,,,,,,
JACKASS FLAT,313500,338500,415000,415000,360000,9,20,14.8,NA,,,,,,,,,,,,,,,,,,,,,,,,,,,,,
JAN JUC,887000,870100,933000,920000,897500,12,36,1.2,-2.4,,,,,,,,,,,,,,,,,,,,,,,,,,,,,
JEERALANG NORTH,185000,242500,236500,337500,175000,7,15,-5.4,-48.1,,,,,,,,,,,,,,,,,,,,,,,,,,,,,
JEPARIT,83500,79500,90000,150000,115000,2,11,37.7,-23.3,,,,,,,,,,,,,,,,,,,,,,,,,,,,,
JUNCTION VILLAGE,453200,535000,467500,515000,445000,1,5,-1.8,-13.6,,,,,,,,,,,,,,,,,,,,,,,,,,,,,
JUNORTOUN,530000,537500,590000,614000,570000,5,12,7.5,-7.2,,,,,,,,,,,,,,,,,,,,,,,,,,,,,
KALIMNA,269000,310000,320000,350000,356000,10,20,32.3,1.7,,,,,,,,,,,,,,,,,,,,,,,,,,,,,
KALKALLO,547500,564000,545000,555000,550000,11,47,0.5,-0.9,,,,,,,,,,,,,,,,,,,,,,,,,,,,,
KALLISTA,750000,630000,563800,725000,707500,4,7,-5.7,-2.4,,,,,,,,,,,,,,,,,,,,,,,,,,,,,
KALORAMA,590000,695000,609000,657500,796000,2,9,34.9,21.1,,,,,,,,,,,,,,,,,,,,,,,,,,,,,
KANGAROO FLAT,355000,350000,370000,360500,372500,51,148,4.9,3.3,,,,,,,,,,,,,,,,,,,,,,,,,,,,,
KANGAROO GROUND SOUTH,800000,970000,1080000,845000,1350000,3,11,68.8,59.8,,,,,,,,,,,,,,,,,,,,,,,,,,,,,
KANIVA,119800,177000,137500,96000,99000,5,13,-17.3,3.1,,,,,,,,,,,,,,,,,,,,,,,,,,,,,
KEALBA,612000,598000,600000,595000,580000,9,22,-5.2,-2.5,,,,,,,,,,,,,,,,,,,,,,,,,,,,,
KEILOR,865000,875000,800000,913800,792500,6,27,-8.4,-13.3,,,,,,,,,,,,,,,,,,,,,,,,,,,,,
KEILOR DOWNS,630000,690000,650500,680600,649000,12,38,3.0,-4.6,,,,,,,,,,,,,,,,,,,,,,,,,,,,,
KEILOR EAST,885000,815000,834500,825000,840000,28,105,-5.1,1.8,,,,,,,,,,,,,,,,,,,,,,,,,,,,,
KEILOR PARK,735000,750000,737500,689000,725000,3,19,-1.4,5.2,,,,,,,,,,,,,,,,,,,,,,,,,,,,,
KENNINGTON,372500,374500,411000,437500,431000,20,60,15.7,-1.5,,,,,,,,,,,,,,,,,,,,,,,,,,,,,
KENSINGTON,947000,1180000,1170000,985000,1133500,12,55,19.7,15.1,,,,,,,,,,,,,,,,,,,,,,,,,,,,,
KERANG,168500,147000,160000,180000,195000,15,46,15.7,8.3,,,,,,,,,,,,,,,,,,,,,,,,,,,,,
KEW,2200000,2700000,2200000,2150000,2400000,21,112,9.1,11.6,,,,,,,,,,,,,,,,,,,,,,,,,,,,,
KEW EAST,1631000,2000000,1540500,1785000,1785000,0,7,NA,NA,,,,,,,,,,,,,,,,,,,,,,,,,,,,,
KEW NORTH,1897500,1770000,2221500,1600000,1800000,9,30,-5.1,12.5,,,,,,,,,,,,,,,,,,,,,,,,,,,,,
KEYSBOROUGH,770000,747500,773500,720000,760000,41,165,-1.3,5.6,,,,,,,,,,,,,,,,,,,,,,,,,,,,,
KIALLA,453800,470000,420000,455000,495000,36,82,9.1,8.8,,,,,,,,,,,,,,,,,,,,,,,,,,,,,
KILCUNDA,440000,567500,662000,662500,580000,1,8,31.8,-12.5,,,,,,,,,,,,,,,,,,,,,,,,,,,,,
KILLARA (WODONGA),525000,430000,421000,427500,470000,12,34,-10.5,9.9,,,,,,,,,,,,,,,,,,,,,,,,,,,,,
KILMORE,422000,435000,476300,457500,470000,25,93,11.4,2.7,,,,,,,,,,,,,,,,,,,,,,,,,,,,,
KILSYTH,676300,677500,693300,658000,640000,25,102,-5.4,-2.7,,,,,,,,,,,,,,,,,,,,,,,,,,,,,
KILSYTH SOUTH,680000,854000,856500,875000,912000,3,12,34.1,4.2,,,,,,,,,,,,,,,,,,,,,,,,,,,,,
KINGLAKE,555000,550000,620000,585000,530000,3,13,-4.5,-9.4,,,,,,,,,,,,,,,,,,,,,,,,,,,,,
KINGS PARK,499000,522500,550000,530000,525000,9,45,5.2,-0.9,,,,,,,,,,,,,,,,,,,,,,,,,,,,,
KINGSBURY,676000,697500,729000,667500,912500,3,15,35.0,36.7,,,,,,,,,,,,,,,,,,,,,,,,,,,,,
KINGSVILLE,1187500,998000,923500,1007000,1040000,8,21,-12.4,3.3,,,,,,,,,,,,,,,,,,,,,,,,,,,,,
KNOXFIELD,846300,784500,812400,790000,801000,9,41,-5.4,1.4,,,,,,,,,,,,,,,,,,,,,,,,,,,,,
KOO WEE RUP,570000,547500,510000,486300,480000,11,32,-15.8,-1.3,,,,,,,,,,,,,,,,,,,,,,,,,,,,,
KOONDROOK,218500,231300,253800,170000,335000,5,14,53.3,97.1,,,,,,,,,,,,,,,,,,,,,,,,,,,,,
KOROIT,327500,380000,360000,365000,397200,8,25,21.3,8.8,,,,,,,,,,,,,,,,,,,,,,,,,,,,,
KORUMBURRA,326500,316300,385000,390000,360000,19,58,10.3,-7.7,,,,,,,,,,,,,,,,,,,,,,,,,,,,,
KURUNJANG,412500,429000,425000,416000,443800,28,95,7.6,6.7,,,,,,,,,,,,,,,,,,,,,,,,,,,,,
KYABRAM,261500,262500,267000,280000,320000,29,79,22.4,14.3,,,,,,,,,,,,,,,,,,,,,,,,,,,,,
KYNETON,590000,622500,613800,570000,620000,29,74,5.1,8.8,,,,,,,,,,,,,,,,,,,,,,,,,,,,,
LAKE BOGA,239000,135000,211500,235000,230000,4,11,-3.8,-2.1,,,,,,,,,,,,,,,,,,,,,,,,,,,,,
LAKE GARDENS,570000,517500,638000,661300,624000,6,18,9.5,-5.6,,,,,,,,,,,,,,,,,,,,,,,,,,,,,
LAKE TYERS BEACH,366300,357500,351000,308000,355000,4,17,-3.1,15.3,,,,,,,,,,,,,,,,,,,,,,,,,,,,,
LAKE WENDOUREE,1000000,855000,1200000,1200000,697500,14,29,-30.3,-41.9,,,,,,,,,,,,,,,,,,,,,,,,,,,,,
LAKES ENTRANCE,277000,336500,330000,313500,390000,41,96,40.8,24.4,,,,,,,,,,,,,,,,,,,,,,,,,,,,,
LALOR,580000,627000,625000,590000,629800,30,118,8.6,6.7,,,,,,,,,,,,,,,,,,,,,,,,,,,,,
LANCEFIELD,477000,545000,510000,537500,632000,3,15,32.5,17.6,,,,,,,,,,,,,,,,,,,,,,,,,,,,,
LANG LANG,497500,507000,530000,530000,515000,4,20,3.5,-2.8,,,,,,,,,,,,,,,,,,,,,,,,,,,,,
LANGWARRIN,650000,631500,645000,633900,650000,47,178,0.0,2.5,,,,,,,,,,,,,,,,,,,,,,,,,,,,,
LARA,495000,484500,552500,500000,550000,19,53,11.1,10.0,,,,,,,,,,,,,,,,,,,,,,,,,,,,,
LARA LAKE,540000,550500,560800,545000,580000,48,108,7.4,6.4,,,,,,,,,,,,,,,,,,,,,,,,,,,,,
LAUNCHING PLACE,512500,566300,522500,600000,535000,5,18,4.4,-10.8,,,,,,,,,,,,,,,,,,,,,,,,,,,,,
LAVERTON,547500,508400,560000,510000,568000,19,49,3.7,11.4,,,,,,,,,,,,,,,,,,,,,,,,,,,,,
LAVERTON SOUTH,610300,650000,652500,645000,630000,11,40,3.2,-2.3,,,,,,,,,,,,,,,,,,,,,,,,,,,,,
LEITCHVILLE,143375,110500,84300,123500,141000,5,10,NA,14.2,,,,,,,,,,,,,,,,,,,,,,,,,,,,,
LENEVA,452500,420500,455000,441000,425000,3,12,-6.1,-3.6,,,,,,,,,,,,,,,,,,,,,,,,,,,,,
LEONGATHA,376000,360000,395000,385000,390000,23,71,3.7,1.3,,,,,,,,,,,,,,,,,,,,,,,,,,,,,
LEOPOLD,520000,520000,535000,523800,517500,68,177,-0.5,-1.2,,,,,,,,,,,,,,,,,,,,,,,,,,,,,
LILYDALE,657500,700000,725000,695000,715000,30,114,8.7,2.9,,,,,,,,,,,,,,,,,,,,,,,,,,,,,
LINTON,310000,433800,337500,309300,338000,1,8,9.0,9.3,,,,,,,,,,,,,,,,,,,,,,,,,,,,,
LISMORE,138500,87000,237500,210000,201500,2,7,45.5,-4.0,,,,,,,,,,,,,,,,,,,,,,,,,,,,,
LOCH SPORT,262500,242500,239500,221500,272000,18,64,3.6,22.8,,,,,,,,,,,,,,,,,,,,,,,,,,,,,
LONG GULLY,267500,303500,271000,290500,303800,12,42,13.6,4.6,,,,,,,,,,,,,,,,,,,,,,,,,,,,,
LONGWARRY,405000,442500,453000,417500,430000,10,29,6.2,3.0,,,,,,,,,,,,,,,,,,,,,,,,,,,,,
LORNE,1817500,1450000,1637500,1020000,1405000,14,32,-22.7,37.7,,,,,,,,,,,,,,,,,,,,,,,,,,,,,
LOVELY BANKS,663000,533100,563000,532500,580000,5,15,-12.5,8.9,,,,,,,,,,,,,,,,,,,,,,,,,,,,,
LOWER PLENTY,770000,950000,1311500,912200,735000,2,14,-4.5,-19.4,,,,,,,,,,,,,,,,,,,,,,,,,,,,,
LUCAS,431000,465000,480000,440000,465000,25,64,7.9,5.7,,,,,,,,,,,,,,,,,,,,,,,,,,,,,
LUCKNOW,282000,265000,435000,343000,241000,4,14,-14.5,-29.7,,,,,,,,,,,,,,,,,,,,,,,,,,,,,
LYNBROOK,580300,650000,615000,690000,640000,17,46,10.3,-7.2,,,,,,,,,,,,,,,,,,,,,,,,,,,,,
LYNDHURST,661500,707500,695000,700800,710000,17,62,7.3,1.3,,,,,,,,,,,,,,,,,,,,,,,,,,,,,
LYSTERFIELD,897000,951400,1145300,945000,990000,11,32,10.4,4.8,,,,,,,,,,,,,,,,,,,,,,,,,,,,,
MACEDON,790000,718000,880000,885000,1025000,4,14,29.7,15.8,,,,,,,,,,,,,,,,,,,,,,,,,,,,,
MACLEOD,1005000,920000,975000,950000,1016600,13,51,1.2,7.0,,,,,,,,,,,,,,,,,,,,,,,,,,,,,
MADDINGLEY,470000,440000,518000,493500,522500,25,54,11.2,5.9,,,,,,,,,,,,,,,,,,,,,,,,,,,,,
MAFFRA,250000,274500,274300,303800,292500,32,74,17.0,-3.7,,,,,,,,,,,,,,,,,,,,,,,,,,,,,
MAIDEN GULLY,513800,505000,508800,570000,565000,12,35,10.0,-0.9,,,,,,,,,,,,,,,,,,,,,,,,,,,,,
MAIDSTONE,745000,839000,775000,750000,720000,11,53,-3.4,-4.0,,,,,,,,,,,,,,,,,,,,,,,,,,,,,
MALDON,482500,532500,424500,410000,517300,22,32,7.2,26.2,,,,,,,,,,,,,,,,,,,,,,,,,,,,,
MALLACOOTA,512500,305000,415000,355000,315000,6,17,-38.5,-11.3,,,,,,,,,,,,,,,,,,,,,,,,,,,,,
MALVERN,2825500,2725000,2520000,2300000,2500000,12,44,-11.5,8.7,,,,,,,,,,,,,,,,,,,,,,,,,,,,,
MALVERN EAST,1828500,1787500,1700000,2090000,1615000,30,117,-11.7,-22.7,,,,,,,,,,,,,,,,,,,,,,,,,,,,,
MANIFOLD HEIGHTS,583500,752500,1134500,960000,892500,8,22,53.0,-7.0,,,,,,,,,,,,,,,,,,,,,,,,,,,,,
MANOR LAKES,535000,563500,555000,545000,560000,23,103,4.7,2.8,,,,,,,,,,,,,,,,,,,,,,,,,,,,,
MANSFIELD,495000,440000,440000,460000,500000,27,58,1.0,8.7,,,,,,,,,,,,,,,,,,,,,,,,,,,,,
MARIBYRNONG,1015000,1150000,1035000,1030000,900000,9,42,-11.3,-12.6,,,,,,,,,,,,,,,,,,,,,,,,,,,,,
MARONG,440000,375000,375000,465000,456000,10,20,3.6,-1.9,,,,,,,,,,,,,,,,,,,,,,,,,,,,,
MARSHALL,492500,480000,485000,499000,510000,15,34,3.6,2.2,,,,,,,,,,,,,,,,,,,,,,,,,,,,,
MARYBOROUGH,228500,241000,260000,265000,265000,50,119,16.0,0.0,,,,,,,,,,,,,,,,,,,,,,,,,,,,,
MCCRAE,625000,815000,850000,960000,887500,12,50,42.0,-7.6,,,,,,,,,,,,,,,,,,,,,,,,,,,,,
MCKENZIE HILL,567500,520000,537500,584000,560000,4,15,-1.3,-4.1,,,,,,,,,,,,,,,,,,,,,,,,,,,,,
MCKINNON,1542500,1525000,1750000,1592500,1410000,5,22,-8.6,-11.5,,,,,,,,,,,,,,,,,,,,,,,,,,,,,
MEADOW HEIGHTS,479000,511000,482500,507500,484000,20,79,1.0,-4.6,,,,,,,,,,,,,,,,,,,,,,,,,,,,,
MELTON,397500,385000,390000,390000,375000,26,76,-5.7,-3.8,,,,,,,,,,,,,,,,,,,,,,,,,,,,,
MELTON SOUTH,380900,391000,400500,395000,415000,27,100,9.0,5.1,,,,,,,,,,,,,,,,,,,,,,,,,,,,,
MELTON WEST,413000,420000,470000,456000,469000,17,84,13.6,2.9,,,,,,,,,,,,,,,,,,,,,,,,,,,,,
MENTONE,980000,1145000,972500,1160000,1035000,7,48,5.6,-10.8,,,,,,,,,,,,,,,,,,,,,,,,,,,,,
MERBEIN,226000,210000,198300,168000,195000,14,36,-13.7,16.1,,,,,,,,,,,,,,,,,,,,,,,,,,,,,
MERINDA PARK,473500,508000,545000,482000,518800,4,23,9.6,7.6,,,,,,,,,,,,,,,,,,,,,,,,,,,,,
MERNDA,555000,560000,553000,560000,553800,54,190,-0.2,-1.1,,,,,,,,,,,,,,,,,,,,,,,,,,,,,
METUNG,405000,390000,450000,455000,465000,27,43,14.8,2.2,,,,,,,,,,,,,,,,,,,,,,,,,,,,,
MICKLEHAM,530000,545000,550000,547500,580000,23,168,9.4,5.9,,,,,,,,,,,,,,,,,,,,,,,,,,,,,
MIDDLE PARK,2700000,3100000,3032500,1993000,2597500,6,26,-3.8,30.3,,,,,,,,,,,,,,,,,,,,,,,,,,,,,
MILDURA,315000,335100,315000,336000,335000,165,439,6.3,-0.3,,,,,,,,,,,,,,,,,,,,,,,,,,,,,
MILL PARK,673000,684000,686000,700000,689000,28,131,2.4,-1.6,,,,,,,,,,,,,,,,,,,,,,,,,,,,,
MILLGROVE,405000,425000,430000,430000,406300,4,29,0.3,-5.5,,,,,,,,,,,,,,,,,,,,,,,,,,,,,
MINERS REST,435000,420000,438000,420000,440000,27,55,1.1,4.8,,,,,,,,,,,,,,,,,,,,,,,,,,,,,
MINYIP,64500,140000,95000,65300,67500,6,14,4.7,3.4,,,,,,,,,,,,,,,,,,,,,,,,,,,,,
MIRBOO NORTH,320000,322500,312500,325000,381500,8,24,19.2,17.4,,,,,,,,,,,,,,,,,,,,,,,,,,,,,
MITCHAM,925000,1040000,1092500,974500,902000,19,90,-2.5,-7.4,,,,,,,,,,,,,,,,,,,,,,,,,,,,,
MITCHELL PARK,327500,305000,325000,330000,310000,1,7,-5.3,-6.1,,,,,,,,,,,,,,,,,,,,,,,,,,,,,
MOE,190000,241300,235000,209000,278500,40,137,46.6,33.3,,,,,,,,,,,,,,,,,,,,,,,,,,,,,
MOGGS CREEK,1500000,1500000,1010000,1350000,1350000,0,7,NA,NA,,,,,,,,,,,,,,,,,,,,,,,,,,,,,
MONBULK,610000,663000,633500,620000,645000,15,41,5.7,4.0,,,,,,,,,,,,,,,,,,,,,,,,,,,,,
MONT ALBERT,1960000,1655000,2050000,1478000,2560000,2,16,30.6,73.2,,,,,,,,,,,,,,,,,,,,,,,,,,,,,
MONT ALBERT NORTH,1417000,1551000,1577500,1345000,1357900,7,23,-4.2,1.0,,,,,,,,,,,,,,,,,,,,,,,,,,,,,
MONTMORENCY,838500,870000,904300,922800,967600,16,50,15.4,4.9,,,,,,,,,,,,,,,,,,,,,,,,,,,,,
MONTROSE,723500,735000,720000,710000,757000,9,35,4.6,6.6,,,,,,,,,,,,,,,,,,,,,,,,,,,,,
MOONEE PONDS,1255000,1351000,1300000,1242500,1182000,16,71,-5.8,-4.9,,,,,,,,,,,,,,,,,,,,,,,,,,,,,
MOORABBIN,1120000,1177500,1177500,1040000,1059000,11,47,-5.4,1.8,,,,,,,,,,,,,,,,,,,,,,,,,,,,,
MOOROOLBARK,670800,735000,723000,687000,712500,48,175,6.2,3.7,,,,,,,,,,,,,,,,,,,,,,,,,,,,,
MOOROOPNA,272300,231800,270000,223800,266800,34,96,-2.0,19.2,,,,,,,,,,,,,,,,,,,,,,,,,,,,,
MORDIALLOC,1090000,1022500,1162500,997500,988000,5,37,-9.4,-1.0,,,,,,,,,,,,,,,,,,,,,,,,,,,,,
MORNINGTON,816300,872500,895000,860000,835000,66,245,2.3,-2.9,,,,,,,,,,,,,,,,,,,,,,,,,,,,,
MORTLAKE,162500,165000,185500,180000,252500,10,25,55.4,40.3,,,,,,,,,,,,,,,,,,,,,,,,,,,,,
MORWELL,170500,183000,180000,185000,213800,82,251,25.4,15.5,,,,,,,,,,,,,,,,,,,,,,,,,,,,,
MOUNT BEAUTY,300000,290000,293500,317500,309000,5,15,3.0,-2.7,,,,,,,,,,,,,,,,,,,,,,,,,,,,,
MOUNT CLEAR,447500,407500,422500,400000,403800,24,51,-9.8,0.9,,,,,,,,,,,,,,,,,,,,,,,,,,,,,
MOUNT DANDENONG,572500,820000,817000,692500,743500,4,13,29.9,7.4,,,,,,,,,,,,,,,,,,,,,,,,,,,,,
MOUNT DUNEED,563500,607000,570000,585000,585000,26,55,3.8,0.0,,,,,,,,,,,,,,,,,,,,,,,,,,,,,
MOUNT ELIZA,1150000,1213800,1280000,1200000,1210000,45,172,5.2,0.8,,,,,,,,,,,,,,,,,,,,,,,,,,,,,
MOUNT EVELYN,602000,666100,705000,720000,722500,20,76,20.0,0.3,,,,,,,,,,,,,,,,,,,,,,,,,,,,,
MOUNT HELEN,445000,509000,450000,440000,460000,12,44,3.4,4.5,,,,,,,,,,,,,,,,,,,,,,,,,,,,,
MOUNT MACEDON,940000,850000,1035800,1140000,865000,4,12,-8.0,-24.1,,,,,,,,,,,,,,,,,,,,,,,,,,,,,
MOUNT MARTHA,1316500,1510000,1400000,1335000,1242500,12,77,-5.6,-6.9,,,,,,,,,,,,,,,,,,,,,,,,,,,,,
MOUNT PLEASANT,318800,341500,415000,372500,390000,7,20,22.4,4.7,,,,,,,,,,,,,,,,,,,,,,,,,,,,,
MOUNT WAVERLEY,1303000,1329300,1313000,1305000,1254400,34,171,-3.7,-3.9,,,,,,,,,,,,,,,,,,,,,,,,,,,,,
MULGRAVE,881000,861000,850000,815000,826300,28,116,-6.2,1.4,,,,,,,,,,,,,,,,,,,,,,,,,,,,,
MURCHISON,219500,253500,275000,308000,231800,2,10,5.6,-24.8,,,,,,,,,,,,,,,,,,,,,,,,,,,,,
MURRUMBEENA,1400800,1401300,1495000,1599000,1483000,6,27,5.9,-7.3,,,,,,,,,,,,,,,,,,,,,,,,,,,,,
MURTOA,119000,125000,140000,122500,148500,3,19,24.8,21.2,,,,,,,,,,,,,,,,,,,,,,,,,,,,,
MYRTLEFORD,296000,332500,351300,370000,400000,17,46,35.1,8.1,,,,,,,,,,,,,,,,,,,,,,,,,,,,,
NAGAMBIE,365000,430000,457500,423800,490000,7,23,34.2,15.6,,,,,,,,,,,,,,,,,,,,,,,,,,,,,
NARRE WARREN,591000,620000,602500,600000,600000,47,182,1.5,0.0,,,,,,,,,,,,,,,,,,,,,,,,,,,,,
NARRE WARREN NORTH,1030000,1064500,1185000,1050000,1215000,5,18,18.0,15.7,,,,,,,,,,,,,,,,,,,,,,,,,,,,,
NARRE WARREN SOUTH,620000,636800,647500,645000,672500,45,194,8.5,4.3,,,,,,,,,,,,,,,,,,,,,,,,,,,,,
NATHALIA,181500,225000,240000,270000,242500,11,21,33.6,-10.2,,,,,,,,,,,,,,,,,,,,,,,,,,,,,
NEERIM SOUTH,375000,520000,577500,425000,511500,2,11,36.4,20.4,,,,,,,,,,,,,,,,,,,,,,,,,,,,,
NELSON,200000,305000,247500,260000,200000,1,6,0.0,-23.1,,,,,,,,,,,,,,,,,,,,,,,,,,,,,
NERRINA,690000,440000,625000,411000,597500,10,23,-13.4,45.4,,,,,,,,,,,,,,,,,,,,,,,,,,,,,
NEW GISBORNE,735000,717500,682500,715000,716500,6,17,-2.5,0.2,,,,,,,,,,,,,,,,,,,,,,,,,,,,,
NEWBOROUGH,257500,247000,272500,308000,303500,32,95,17.9,-1.5,,,,,,,,,,,,,,,,,,,,,,,,,,,,,
NEWCOMB,455000,434000,468000,437500,470700,21,52,3.5,7.6,,,,,,,,,,,,,,,,,,,,,,,,,,,,,
NEWINGTON,485000,516300,605000,575000,908500,8,15,87.3,58.0,,,,,,,,,,,,,,,,,,,,,,,,,,,,,
NEWLANDS ARM,480000,430500,422800,720000,541300,6,14,12.8,-24.8,,,,,,,,,,,,,,,,,,,,,,,,,,,,,
NEWPORT,1075000,1000000,1082500,999000,1125000,22,87,4.7,12.6,,,,,,,,,,,,,,,,,,,,,,,,,,,,,
NEWSTEAD,400000,462500,419000,419000,480000,5,8,20.0,NA,,,,,,,,,,,,,,,,,,,,,,,,,,,,,
NEWTOWN (GREATER GEELONG),755000,906000,1002500,880000,905000,44,115,19.9,2.8,,,,,,,,,,,,,,,,,,,,,,,,,,,,,
NHILL,96500,109500,107500,206800,189000,14,38,95.9,-8.6,,,,,,,,,,,,,,,,,,,,,,,,,,,,,
NICHOLS POINT,530000,465500,435000,450000,640000,1,4,20.8,42.2,,,,,,,,,,,,,,,,,,,,,,,,,,,,,
NIDDRIE,1147500,1050000,876300,897500,975300,10,42,-15.0,8.7,,,,,,,,,,,,,,,,,,,,,,,,,,,,,
NOBLE PARK,633000,655000,649000,625000,650000,27,99,2.7,4.0,,,,,,,,,,,,,,,,,,,,,,,,,,,,,
NOBLE PARK NORTH,597000,660000,676000,645000,637000,5,22,6.7,-1.2,,,,,,,,,,,,,,,,,,,,,,,,,,,,,
NORLANE,350000,350000,366500,363500,373500,27,75,6.7,2.8,,,,,,,,,,,,,,,,,,,,,,,,,,,,,
NORTH BENDIGO,320000,315000,360000,400000,375000,19,52,17.2,-6.3,,,,,,,,,,,,,,,,,,,,,,,,,,,,,
NORTH GEELONG,490000,548000,682500,555000,525000,17,42,7.1,-5.4,,,,,,,,,,,,,,,,,,,,,,,,,,,,,
NORTH MELBOURNE,1301000,1510000,1120000,1061100,1150000,5,24,-11.6,8.4,,,,,,,,,,,,,,,,,,,,,,,,,,,,,
NORTH WONTHAGGI,429000,357000,410000,366500,435000,15,41,1.4,18.7,,,,,,,,,,,,,,,,,,,,,,,,,,,,,
NORTHCOTE,1340000,1465000,1400000,1420500,1348000,21,112,0.6,-5.1,,,,,,,,,,,,,,,,,,,,,,,,,,,,,
NUMURKAH,245000,230000,232000,235000,249000,18,46,1.6,6.0,,,,,,,,,,,,,,,,,,,,,,,,,,,,,
NUNAWADING,941500,1044400,1170500,930000,951000,11,62,1.0,2.3,,,,,,,,,,,,,,,,,,,,,,,,,,,,,
NYAH WEST,88500,97000,120000,120000,129000,5,8,45.8,NA,,,,,,,,,,,,,,,,,,,,,,,,,,,,,
OAK PARK,947500,926000,1005800,875000,887500,10,39,-6.3,1.4,,,,,,,,,,,,,,,,,,,,,,,,,,,,,
OAKLEIGH,1100000,1135000,1200000,1065000,1490000,5,31,35.5,39.9,,,,,,,,,,,,,,,,,,,,,,,,,,,,,
OAKLEIGH EAST,1026100,959000,967000,995000,940500,5,16,-8.3,-5.5,,,,,,,,,,,,,,,,,,,,,,,,,,,,,
OAKLEIGH SOUTH,886000,1112500,1015000,970100,960000,16,57,8.4,-1.0,,,,,,,,,,,,,,,,,,,,,,,,,,,,,
OCEAN GROVE,687500,752500,711300,744000,780000,123,270,13.5,4.8,,,,,,,,,,,,,,,,,,,,,,,,,,,,,
OFFICER,550000,554000,587500,590000,592500,46,179,7.7,0.4,,,,,,,,,,,,,,,,,,,,,,,,,,,,,
OFFICER SOUTH,767000,714000,864000,864000,864000,0,5,NA,NA,,,,,,,,,,,,,,,,,,,,,,,,,,,,,
OLINDA,700000,815000,710000,590000,1150000,3,11,64.3,94.9,,,,,,,,,,,,,,,,,,,,,,,,,,,,,
OMEO,305000,242500,238000,238000,230000,3,8,-24.6,NA,,,,,,,,,,,,,,,,,,,,,,,,,,,,,
ORBOST,260000,180000,177500,217000,215000,15,38,-17.3,-0.9,,,,,,,,,,,,,,,,,,,,,,,,,,,,,
ORMOND,1460000,1755000,1490000,1595000,1700000,5,29,16.4,6.6,,,,,,,,,,,,,,,,,,,,,,,,,,,,,
OSBORNE,771500,830000,853000,850000,820800,18,63,6.4,-3.4,,,,,,,,,,,,,,,,,,,,,,,,,,,,,
OUYEN,112300,75000,143800,70500,100000,11,23,-10.9,41.8,,,,,,,,,,,,,,,,,,,,,,,,,,,,,
PAKENHAM,485500,503800,530000,493000,520000,171,596,7.1,5.5,,,,,,,,,,,,,,,,,,,,,,,,,,,,,
PARADISE BEACH,212000,235000,248000,183000,382500,2,10,80.4,109.0,,,,,,,,,,,,,,,,,,,,,,,,,,,,,
PARK ORCHARDS,1605000,1835000,1570000,1500000,1530000,3,8,-4.7,2.0,,,,,,,,,,,,,,,,,,,,,,,,,,,,,
PARKDALE,1152500,1285000,1201000,1168500,1077500,18,75,-6.5,-7.8,,,,,,,,,,,,,,,,,,,,,,,,,,,,,
PARKVILLE,2012500,2300000,1690000,1625000,1725000,1,6,-14.3,6.2,,,,,,,,,,,,,,,,,,,,,,,,,,,,,
PASCOE VALE,847000,872500,930000,940000,930000,19,80,9.8,-1.1,,,,,,,,,,,,,,,,,,,,,,,,,,,,,
PASCOE VALE SOUTH,966800,1130000,957500,989300,933000,6,22,-3.5,-5.7,,,,,,,,,,,,,,,,,,,,,,,,,,,,,
PATTERSON GARDENS,890000,946000,967500,905000,1040000,5,14,16.9,14.9,,,,,,,,,,,,,,,,,,,,,,,,,,,,,
PATTERSON LAKES,823500,1037500,1300000,890000,1008000,8,32,22.4,13.3,,,,,,,,,,,,,,,,,,,,,,,,,,,,,
PAYNESVILLE,350000,370000,404000,318500,430800,32,79,23.1,35.2,,,,,,,,,,,,,,,,,,,,,,,,,,,,,
PEARCEDALE,692000,700000,705000,580000,597500,4,24,-13.7,3.0,,,,,,,,,,,,,,,,,,,,,,,,,,,,,
PETERBOROUGH,407300,825000,650000,650000,430000,4,9,5.6,NA,,,,,,,,,,,,,,,,,,,,,,,,,,,,,
PIONEER BAY,347500,295000,312500,375000,390000,1,12,12.2,4.0,,,,,,,,,,,,,,,,,,,,,,,,,,,,,
PLENTY,1400000,1301000,1120000,1245000,1361300,2,11,-2.8,9.3,,,,,,,,,,,,,,,,,,,,,,,,,,,,,
POINT COOK,653300,650000,660000,655000,640000,75,292,-2.0,-2.3,,,,,,,,,,,,,,,,,,,,,,,,,,,,,
POINT LONSDALE,795000,845000,995000,812500,852500,22,50,7.2,4.9,,,,,,,,,,,,,,,,,,,,,,,,,,,,,
POREPUNKAH,515100,467000,467500,595500,590000,2,10,14.5,-0.9,,,,,,,,,,,,,,,,,,,,,,,,,,,,,
PORT ALBERT,305000,219000,461000,327500,262500,6,11,-13.9,-19.8,,,,,,,,,,,,,,,,,,,,,,,,,,,,,
PORT FAIRY,625000,650000,632500,615000,656500,14,46,5.0,6.7,,,,,,,,,,,,,,,,,,,,,,,,,,,,,
PORT MELBOURNE,1303000,1680000,1710000,1450000,1590000,21,76,22.0,9.7,,,,,,,,,,,,,,,,,,,,,,,,,,,,,
PORT WELSHPOOL,150000,300000,330000,283000,340000,4,13,126.7,20.1,,,,,,,,,,,,,,,,,,,,,,,,,,,,,
PORTARLINGTON,590000,625000,636300,722000,747000,15,54,26.6,3.5,,,,,,,,,,,,,,,,,,,,,,,,,,,,,
PORTLAND,275000,282000,317500,267500,280000,69,172,1.8,4.7,,,,,,,,,,,,,,,,,,,,,,,,,,,,,
PORTSEA,2300000,1860000,2570000,2100000,1600000,11,34,-30.4,-23.8,,,,,,,,,,,,,,,,,,,,,,,,,,,,,
PRAHRAN,1570000,1575000,1513500,1570500,1872500,22,84,19.3,19.2,,,,,,,,,,,,,,,,,,,,,,,,,,,,,
PRESTON,956000,1043500,1026000,987000,990800,26,135,3.6,0.4,,,,,,,,,,,,,,,,,,,,,,,,,,,,,
PRINCES HILL,2218500,2212500,1332000,1743100,1300000,4,17,-41.4,-25.4,,,,,,,,,,,,,,,,,,,,,,,,,,,,,
PYRAMID HILL,125000,130000,115000,115000,143000,2,6,14.4,24.3,,,,,,,,,,,,,,,,,,,,,,,,,,,,,
QUARRY HILL,350000,390000,369000,377500,442500,8,27,26.4,17.2,,,,,,,,,,,,,,,,,,,,,,,,,,,,,
QUEENSCLIFF,825000,1105000,990000,905000,837500,12,30,1.5,-7.5,,,,,,,,,,,,,,,,,,,,,,,,,,,,,
RAINBOW,85000,67000,77500,60000,73500,4,13,-13.5,22.5,,,,,,,,,,,,,,,,,,,,,,,,,,,,,
RAYMOND ISLAND,300000,365000,650000,565000,431800,10,14,43.9,-23.6,,,,,,,,,,,,,,,,,,,,,,,,,,,,,
RED CLIFFS,206500,210200,210000,250000,270000,11,50,30.8,8.0,,,,,,,,,,,,,,,,,,,,,,,,,,,,,
RED HILL,825000,825000,825000,860000,765000,1,6,NA,-11.0,,,,,,,,,,,,,,,,,,,,,,,,,,,,,
REDAN,348500,369000,357500,367500,400000,17,47,14.8,8.8,,,,,,,,,,,,,,,,,,,,,,,,,,,,,
RESEARCH,930000,1025000,1400000,927500,1080000,5,14,16.1,16.4,,,,,,,,,,,,,,,,,,,,,,,,,,,,,
RESERVOIR,762500,795000,827000,792500,767500,46,224,0.7,-3.2,,,,,,,,,,,,,,,,,,,,,,,,,,,,,
RHYLL,530000,875000,495000,571500,576800,4,13,8.8,0.9,,,,,,,,,,,,,,,,,,,,,,,,,,,,,
RICHMOND,1243500,1335000,1249500,1341000,1260000,27,109,1.3,-6.0,,,,,,,,,,,,,,,,,,,,,,,,,,,,,
RIDDELLS CREEK,757500,662500,685000,650000,710000,7,17,-6.3,9.2,,,,,,,,,,,,,,,,,,,,,,,,,,,,,
RINGWOOD,845000,813500,937500,896500,845000,19,81,0.0,-5.7,,,,,,,,,,,,,,,,,,,,,,,,,,,,,
RINGWOOD EAST,779000,885000,925000,860000,830000,13,45,6.5,-3.5,,,,,,,,,,,,,,,,,,,,,,,,,,,,,
RINGWOOD NORTH,865000,928000,890500,938000,946100,15,61,9.4,0.9,,,,,,,,,,,,,,,,,,,,,,,,,,,,,
ROBINVALE,241500,220000,196000,265000,275000,6,23,13.9,3.8,,,,,,,,,,,,,,,,,,,,,,,,,,,,,
ROCHESTER,260000,255000,235000,220000,255000,21,43,-1.9,15.9,,,,,,,,,,,,,,,,,,,,,,,,,,,,,
ROCKBANK,575000,443000,480000,387500,423000,3,12,-26.4,9.2,,,,,,,,,,,,,,,,,,,,,,,,,,,,,
ROMSEY,597500,580300,627500,590000,613800,19,56,2.7,4.0,,,,,,,,,,,,,,,,,,,,,,,,,,,,,
ROSANNA,1105000,1126000,1105000,1200000,1125000,9,34,1.8,-6.3,,,,,,,,,,,,,,,,,,,,,,,,,,,,,
ROSEBUD,542500,560000,582500,535000,590000,57,184,8.8,10.3,,,,,,,,,,,,,,,,,,,,,,,,,,,,,
ROSEBUD SOUTH,699000,730000,865000,650000,802500,11,45,14.8,23.5,,,,,,,,,,,,,,,,,,,,,,,,,,,,,
ROSEDALE,177500,215000,218000,260000,305000,9,25,71.8,17.3,,,,,,,,,,,,,,,,,,,,,,,,,,,,,
ROWVILLE,837000,860000,805000,822500,850000,47,218,1.6,3.3,,,,,,,,,,,,,,,,,,,,,,,,,,,,,
ROXBURGH PARK,545000,570000,579000,547500,570000,28,137,4.6,4.1,,,,,,,,,,,,,,,,,,,,,,,,,,,,,
RUPANYUP,159000,85000,140000,140000,65000,1,6,-59.1,NA,,,,,,,,,,,,,,,,,,,,,,,,,,,,,
RUSHWORTH,162500,258000,185000,200000,235000,7,18,44.6,17.5,,,,,,,,,,,,,,,,,,,,,,,,,,,,,
RUTHERGLEN,327000,275000,330000,350000,340000,12,23,4.0,-2.9,,,,,,,,,,,,,,,,,,,,,,,,,,,,,
RYE,705000,685000,720000,716000,749000,63,207,6.2,4.6,,,,,,,,,,,,,,,,,,,,,,,,,,,,,
SAFETY BEACH,805000,800000,980000,924900,825000,20,79,2.5,-10.8,,,,,,,,,,,,,,,,,,,,,,,,,,,,,
SAILORS GULLY,282500,257000,211000,260000,346000,2,10,NA,33.1,,,,,,,,,,,,,,,,,,,,,,,,,,,,,
SALE,309000,329000,345000,275000,355000,91,190,14.9,29.1,,,,,,,,,,,,,,,,,,,,,,,,,,,,,
SAN REMO,601000,475000,596300,500000,564500,12,29,-6.1,12.9,,,,,,,,,,,,,,,,,,,,,,,,,,,,,
SANCTUARY LAKES,620000,638000,620000,670000,660000,52,199,6.5,-1.5,,,,,,,,,,,,,,,,,,,,,,,,,,,,,
SANDHURST,805000,887500,790000,810000,720000,15,53,-10.6,-11.1,,,,,,,,,,,,,,,,,,,,,,,,,,,,,
SANDRINGHAM,1636300,1710000,1790000,1776000,1987500,16,60,21.5,11.9,,,,,,,,,,,,,,,,,,,,,,,,,,,,,
SANDY POINT,410000,445000,517500,517500,485000,11,21,18.3,NA,,,,,,,,,,,,,,,,,,,,,,,,,,,,,
SASSAFRAS,767500,860500,768000,809000,2660000,1,4,246.6,228.8,,,,,,,,,,,,,,,,,,,,,,,,,,,,,
SAWMILL SETTLEMENT,465000,404500,305000,318500,318500,0,7,NA,NA,,,,,,,,,,,,,,,,,,,,,,,,,,,,,
SCORESBY,765900,863100,790000,760500,747500,6,31,-2.4,-1.7,,,,,,,,,,,,,,,,,,,,,,,,,,,,,
SEA LAKE,135000,97500,121500,80500,108000,5,17,-20.0,34.2,,,,,,,,,,,,,,,,,,,,,,,,,,,,,
SEABROOK,578800,673000,655000,647500,625000,9,40,8.0,-3.5,,,,,,,,,,,,,,,,,,,,,,,,,,,,,
SEAFORD,655500,685000,690000,677500,696000,26,137,6.2,2.7,,,,,,,,,,,,,,,,,,,,,,,,,,,,,
SEAHOLME,1020000,1100000,960000,895000,955000,3,14,-6.4,6.7,,,,,,,,,,,,,,,,,,,,,,,,,,,,,
SEASPRAY,370000,345000,443000,330000,235000,8,10,-36.5,-28.8,,,,,,,,,,,,,,,,,,,,,,,,,,,,,
SEBASTOPOL,326000,320000,344500,327500,341800,42,116,4.8,4.4,,,,,,,,,,,,,,,,,,,,,,,,,,,,,
SEDDON,925000,960000,1100000,1100000,1062500,12,42,14.9,-3.4,,,,,,,,,,,,,,,,,,,,,,,,,,,,,
SELBY,731000,597500,705000,743500,585300,2,11,-19.9,-21.3,,,,,,,,,,,,,,,,,,,,,,,,,,,,,
SEVILLE,613300,717500,622800,595000,625100,5,16,1.9,5.1,,,,,,,,,,,,,,,,,,,,,,,,,,,,,
SEVILLE EAST,509500,582000,598000,598000,547500,2,3,7.5,NA,,,,,,,,,,,,,,,,,,,,,,,,,,,,,
SEYMOUR,285000,312500,310000,340000,322500,21,69,13.2,-5.1,,,,,,,,,,,,,,,,,,,,,,,,,,,,,
SHEPPARTON,297500,274000,280000,310000,310000,136,362,4.2,0.0,,,,,,,,,,,,,,,,,,,,,,,,,,,,,
SHEPPARTON NORTH,420000,534500,397000,527500,465000,5,11,10.7,-11.8,,,,,,,,,,,,,,,,,,,,,,,,,,,,,
SILVERLEAVES,660000,575000,620000,575000,733800,2,11,11.2,27.6,,,,,,,,,,,,,,,,,,,,,,,,,,,,,
SKIPTON,146000,205000,212000,168000,265000,1,7,81.5,57.7,,,,,,,,,,,,,,,,,,,,,,,,,,,,,
SKYE,610000,610000,608500,613500,590000,10,63,-3.3,-3.8,,,,,,,,,,,,,,,,,,,,,,,,,,,,,
SMITHS BEACH,730000,595000,560000,742000,640000,5,14,-12.3,-13.7,,,,,,,,,,,,,,,,,,,,,,,,,,,,,
SMYTHESDALE,410000,290000,420000,425000,525000,7,13,28.0,23.5,,,,,,,,,,,,,,,,,,,,,,,,,,,,,
SOLDIERS HILL,462300,479000,554000,545000,515000,15,50,11.4,-5.5,,,,,,,,,,,,,,,,,,,,,,,,,,,,,
SOMERS,990000,1050000,880000,945000,1160000,7,31,17.2,22.8,,,,,,,,,,,,,,,,,,,,,,,,,,,,,
SOMERVILLE,612500,600000,606000,637000,610000,32,98,-0.4,-4.2,,,,,,,,,,,,,,,,,,,,,,,,,,,,,
SORRENTO,1485000,1440000,1500000,1586700,1435000,18,74,-3.4,-9.6,,,,,,,,,,,,,,,,,,,,,,,,,,,,,
SOUTH GEELONG,677300,691500,679000,610000,1065000,2,4,57.3,74.6,,,,,,,,,,,,,,,,,,,,,,,,,,,,,
SOUTH KINGSVILLE,915000,859000,975000,1146000,792000,1,15,-13.4,-30.9,,,,,,,,,,,,,,,,,,,,,,,,,,,,,
SOUTH MELBOURNE,1528000,1720000,1550000,1337500,1650000,11,52,8.0,23.4,,,,,,,,,,,,,,,,,,,,,,,,,,,,,
SOUTH MORANG,621000,661000,661000,609000,650000,43,148,4.7,6.7,,,,,,,,,,,,,,,,,,,,,,,,,,,,,
SOUTH YARRA,2194000,1665500,2068800,1642500,1797500,18,56,-18.1,9.4,,,,,,,,,,,,,,,,,,,,,,,,,,,,,
SPOTSWOOD,912500,1020000,1135000,906000,902500,4,19,-1.1,-0.4,,,,,,,,,,,,,,,,,,,,,,,,,,,,,
SPRING GULLY,345000,382500,381000,405000,423000,14,27,22.6,4.5,,,,,,,,,,,,,,,,,,,,,,,,,,,,,
SPRINGVALE,759000,762000,813600,755000,765000,14,47,0.8,1.3,,,,,,,,,,,,,,,,,,,,,,,,,,,,,
SPRINGVALE SOUTH,685000,720000,712000,685000,730000,11,37,6.6,6.6,,,,,,,,,,,,,,,,,,,,,,,,,,,,,
ST ALBANS,590000,630000,591500,590000,600000,40,149,1.7,1.7,,,,,,,,,,,,,,,,,,,,,,,,,,,,,
ST ALBANS PARK,420000,432500,447500,450000,442000,9,36,5.2,-1.8,,,,,,,,,,,,,,,,,,,,,,,,,,,,,
ST ANDREWS BEACH,695000,937500,992500,1370000,1076300,6,11,54.9,-21.4,,,,,,,,,,,,,,,,,,,,,,,,,,,,,
ST ARNAUD,152500,195000,155000,145000,185500,11,31,21.6,27.9,,,,,,,,,,,,,,,,,,,,,,,,,,,,,
ST HELENA,878500,1001000,990000,905000,1130000,1,16,28.6,24.9,,,,,,,,,,,,,,,,,,,,,,,,,,,,,
ST KILDA,1467500,3017500,1771800,1315000,1162500,6,24,-20.8,-11.6,,,,,,,,,,,,,,,,,,,,,,,,,,,,,
ST KILDA EAST,1511000,1565000,1679500,1580000,1352600,8,26,-10.5,-14.4,,,,,,,,,,,,,,,,,,,,,,,,,,,,,
ST KILDA WEST,3100000,1737000,2450000,2630000,2550000,5,11,-17.7,-3.0,,,,,,,,,,,,,,,,,,,,,,,,,,,,,
ST LEONARDS,577500,572500,520000,562500,603300,22,74,4.5,7.2,,,,,,,,,,,,,,,,,,,,,,,,,,,,,
STAWELL,185000,197000,220000,155000,222500,34,100,20.3,43.5,,,,,,,,,,,,,,,,,,,,,,,,,,,,,
STRATFORD,336500,302500,318500,315000,335000,20,43,-0.4,6.3,,,,,,,,,,,,,,,,,,,,,,,,,,,,,
STRATHDALE,467000,490000,521000,410000,495000,27,67,6.0,20.7,,,,,,,,,,,,,,,,,,,,,,,,,,,,,
STRATHFIELDSAYE,495000,460000,542500,526000,510000,25,56,3.0,-3.0,,,,,,,,,,,,,,,,,,,,,,,,,,,,,
STRATHMERTON,277500,162500,162500,162500,195000,4,4,-29.7,NA,,,,,,,,,,,,,,,,,,,,,,,,,,,,,
STRATHMORE,1325000,1500000,1218000,1260000,1412500,10,47,6.6,12.1,,,,,,,,,,,,,,,,,,,,,,,,,,,,,
STRATHTULLOH,540000,540000,470000,520000,527500,8,32,-2.3,1.4,,,,,,,,,,,,,,,,,,,,,,,,,,,,,
STUDFIELD,874000,920000,870000,830000,830000,0,6,NA,NA,,,,,,,,,,,,,,,,,,,,,,,,,,,,,
SUNBURY,520000,560000,575000,550000,547500,86,357,5.3,-0.5,,,,,,,,,,,,,,,,,,,,,,,,,,,,,
SUNDERLAND BAY,335000,412000,510800,390000,472000,5,10,40.9,21.0,,,,,,,,,,,,,,,,,,,,,,,,,,,,,
SUNSET STRIP,460000,475800,510500,410000,489500,2,13,6.4,19.4,,,,,,,,,,,,,,,,,,,,,,,,,,,,,
SUNSHINE,625000,770000,819500,700000,662000,7,46,5.9,-5.4,,,,,,,,,,,,,,,,,,,,,,,,,,,,,
SUNSHINE NORTH,610000,677500,655000,647000,650000,15,43,6.6,0.5,,,,,,,,,,,,,,,,,,,,,,,,,,,,,
SUNSHINE WEST,645000,655000,656300,647500,600000,20,70,-7.0,-7.3,,,,,,,,,,,,,,,,,,,,,,,,,,,,,
SURF BEACH,617500,496000,492000,462500,453800,6,17,-26.5,-1.9,,,,,,,,,,,,,,,,,,,,,,,,,,,,,
SURREY HILLS,1931000,1960000,1898000,1650000,1875000,12,69,-2.9,13.6,,,,,,,,,,,,,,,,,,,,,,,,,,,,,
SWAN HILL,277500,292500,315000,290000,312500,42,112,12.6,7.8,,,,,,,,,,,,,,,,,,,,,,,,,,,,,
SYDENHAM,565000,599500,600500,635000,653500,12,41,15.7,2.9,,,,,,,,,,,,,,,,,,,,,,,,,,,,,
SYNDAL,1605000,1579500,1570000,1652000,1600000,12,34,-0.3,-3.1,,,,,,,,,,,,,,,,,,,,,,,,,,,,,
TALLANGATTA,285000,260000,325000,165000,255000,5,11,-10.5,54.5,,,,,,,,,,,,,,,,,,,,,,,,,,,,,
TALLYGAROOPNA,237000,269000,173000,285000,285000,0,2,NA,NA,,,,,,,,,,,,,,,,,,,,,,,,,,,,,
TARNEIT,561000,560000,554000,576500,548000,70,354,-2.3,-4.9,,,,,,,,,,,,,,,,,,,,,,,,,,,,,
TATURA,282000,272500,275000,301600,330000,21,62,17.0,9.4,,,,,,,,,,,,,,,,,,,,,,,,,,,,,
TAWONGA SOUTH,383500,382500,375000,380000,491000,11,19,28.0,29.2,,,,,,,,,,,,,,,,,,,,,,,,,,,,,
TAYLORS HILL,693500,734500,735000,705000,805000,19,65,16.1,14.2,,,,,,,,,,,,,,,,,,,,,,,,,,,,,
TAYLORS LAKES,759500,765000,770000,722500,800000,9,43,5.3,10.7,,,,,,,,,,,,,,,,,,,,,,,,,,,,,
TECOMA,650000,797500,727500,667500,706000,3,15,8.6,5.8,,,,,,,,,,,,,,,,,,,,,,,,,,,,,
TEMPLESTOWE,1400000,1320000,1417500,1400000,1355000,27,73,-3.2,-3.2,,,,,,,,,,,,,,,,,,,,,,,,,,,,,
TEMPLESTOWE LOWER,1102500,1200000,1250000,1144300,1138500,26,87,3.3,-0.5,,,,,,,,,,,,,,,,,,,,,,,,,,,,,
TERANG,200000,172000,203500,268000,282500,12,30,41.3,5.4,,,,,,,,,,,,,,,,,,,,,,,,,,,,,
THE BASIN,752600,695000,778000,833000,731300,12,32,-2.8,-12.2,,,,,,,,,,,,,,,,,,,,,,,,,,,,,
THE HONEYSUCKLES,215000,350000,285000,465000,322500,2,10,50.0,-30.6,,,,,,,,,,,,,,,,,,,,,,,,,,,,,
THE PATCH,655500,990000,990000,680000,635000,1,6,-3.1,-6.6,,,,,,,,,,,,,,,,,,,,,,,,,,,,,
THOMASTOWN,600000,615000,632000,577000,628800,16,80,4.8,9.0,,,,,,,,,,,,,,,,,,,,,,,,,,,,,
THOMSON (GREATER GEELONG),387500,425000,419000,420000,437800,8,19,13.0,4.2,,,,,,,,,,,,,,,,,,,,,,,,,,,,,
THORNBURY,1115000,1250000,1230000,1120000,1215000,26,83,9.0,8.5,,,,,,,,,,,,,,,,,,,,,,,,,,,,,
THORNHILL PARK,535000,552500,435000,570000,580000,9,28,8.4,1.8,,,,,,,,,,,,,,,,,,,,,,,,,,,,,
TIMBOON,277500,260000,405000,340000,412500,4,12,48.6,21.3,,,,,,,,,,,,,,,,,,,,,,,,,,,,,
TONGALA,229000,247500,212500,210000,225000,6,16,-1.7,7.1,,,,,,,,,,,,,,,,,,,,,,,,,,,,,
TOONGABBIE,270000,280300,210000,299000,359000,5,8,33.0,20.1,,,,,,,,,,,,,,,,,,,,,,,,,,,,,
TOORA,275000,310000,222500,230000,277500,4,8,0.9,20.7,,,,,,,,,,,,,,,,,,,,,,,,,,,,,
TOORADIN,785000,745000,665000,760000,776300,2,14,-1.1,2.1,,,,,,,,,,,,,,,,,,,,,,,,,,,,,
TOORAK,4750000,5000000,4500000,5550000,5750000,16,45,21.1,3.6,,,,,,,,,,,,,,,,,,,,,,,,,,,,,
TOOTGAROOK,617500,582000,630500,587500,620000,19,59,0.4,5.5,,,,,,,,,,,,,,,,,,,,,,,,,,,,,
TORQUAY,765000,845000,815000,825000,850000,76,189,11.1,3.0,,,,,,,,,,,,,,,,,,,,,,,,,,,,,
TRAFALGAR,407500,382500,410000,470000,435000,25,53,6.7,-7.4,,,,,,,,,,,,,,,,,,,,,,,,,,,,,
TRARALGON,325000,340800,319500,333800,350300,158,412,7.8,4.9,,,,,,,,,,,,,,,,,,,,,,,,,,,,,
TRARALGON EAST,577500,430000,454000,500000,540000,5,12,-6.5,8.0,,,,,,,,,,,,,,,,,,,,,,,,,,,,,
TRAVANCORE,1560000,1250000,1250000,1685000,1055000,1,4,-32.4,-37.4,,,,,,,,,,,,,,,,,,,,,,,,,,,,,
TRENTHAM,622000,615000,592500,585000,647500,8,27,4.1,10.7,,,,,,,,,,,,,,,,,,,,,,,,,,,,,
TRUGANINA,590000,570800,587000,590000,570000,56,238,-3.4,-3.4,,,,,,,,,,,,,,,,,,,,,,,,,,,,,
TULLAMARINE,618000,619000,675000,597600,620500,4,18,0.4,3.8,,,,,,,,,,,,,,,,,,,,,,,,,,,,,
TYABB,615000,635000,577000,560000,620000,4,16,0.8,10.7,,,,,,,,,,,,,,,,,,,,,,,,,,,,,
UPPER FERNTREE GULLY,602500,708000,691500,965000,725000,9,18,20.3,-24.9,,,,,,,,,,,,,,,,,,,,,,,,,,,,,
UPWEY,742000,718000,750000,700500,774500,12,49,4.4,10.6,,,,,,,,,,,,,,,,,,,,,,,,,,,,,
VENTNOR,487500,530000,535000,910000,677500,4,21,39.0,-25.5,,,,,,,,,,,,,,,,,,,,,,,,,,,,,
VENUS BAY,335000,342500,350000,359000,361800,38,87,8.0,0.8,,,,,,,,,,,,,,,,,,,,,,,,,,,,,
VERMONT,989500,1016500,1122500,1068000,975000,21,60,-1.5,-8.7,,,,,,,,,,,,,,,,,,,,,,,,,,,,,
VERMONT SOUTH,1170000,1260000,1210000,1085000,1017500,8,51,-13.0,-6.2,,,,,,,,,,,,,,,,,,,,,,,,,,,,,
VIEWBANK,920000,998000,985000,915000,980000,9,33,6.5,7.1,,,,,,,,,,,,,,,,,,,,,,,,,,,,,
VIOLET TOWN,342500,306400,279000,348000,328500,2,9,-4.1,-5.6,,,,,,,,,,,,,,,,,,,,,,,,,,,,,
WAHGUNYAH,314000,350000,395000,395000,264000,6,10,-15.9,NA,,,,,,,,,,,,,,,,,,,,,,,,,,,,,
WALLAN,489900,485000,492500,510000,536000,37,90,9.4,5.1,,,,,,,,,,,,,,,,,,,,,,,,,,,,,
WALLAN EAST,445000,462000,470000,457000,504300,8,47,13.3,10.3,,,,,,,,,,,,,,,,,,,,,,,,,,,,,
WANDANA HEIGHTS,690000,878000,980000,697500,719500,10,17,4.3,3.2,,,,,,,,,,,,,,,,,,,,,,,,,,,,,
WANDIN NORTH,621000,630000,721300,715000,587500,4,11,-5.4,-17.8,,,,,,,,,,,,,,,,,,,,,,,,,,,,,
WANGARATTA,299500,343000,330100,372000,340000,95,266,13.5,-8.6,,,,,,,,,,,,,,,,,,,,,,,,,,,,,
WANTIRNA,951000,877500,930000,850000,885000,17,59,-6.9,4.1,,,,,,,,,,,,,,,,,,,,,,,,,,,,,
WANTIRNA SOUTH,1012500,1050000,1088000,938800,939000,22,81,-7.3,0.0,,,,,,,,,,,,,,,,,,,,,,,,,,,,,
WARBURTON,495000,500000,552500,530000,494000,3,17,-0.2,-6.8,,,,,,,,,,,,,,,,,,,,,,,,,,,,,
WARNEET,505000,606000,625000,566000,600000,5,13,18.8,6.0,,,,,,,,,,,,,,,,,,,,,,,,,,,,,
WARRACKNABEAL,115000,120000,142000,136000,136000,11,32,18.3,0.0,,,,,,,,,,,,,,,,,,,,,,,,,,,,,
WARRAGUL,460000,473000,485000,487500,477900,81,257,3.9,-2.0,,,,,,,,,,,,,,,,,,,,,,,,,,,,,
WARRANDYTE,878000,1050000,977500,1009000,1075000,7,33,22.4,6.5,,,,,,,,,,,,,,,,,,,,,,,,,,,,,
WARRANWOOD,997000,893300,940000,865000,991000,9,25,-0.6,14.6,,,,,,,,,,,,,,,,,,,,,,,,,,,,,
WARRNAMBOOL,370000,387000,393800,397500,415500,132,348,12.3,4.5,,,,,,,,,,,,,,,,,,,,,,,,,,,,,
WATERWAYS,1105000,1270000,1422400,1282000,1282000,0,13,NA,NA,,,,,,,,,,,,,,,,,,,,,,,,,,,,,
WATSONIA,753500,791000,826000,761300,782500,14,47,3.8,2.8,,,,,,,,,,,,,,,,,,,,,,,,,,,,,
WATSONIA NORTH,706800,764000,776800,800000,868000,3,21,22.8,8.5,,,,,,,,,,,,,,,,,,,,,,,,,,,,,
WATTLE GLEN,815000,755000,765000,822900,876000,3,13,7.5,6.5,,,,,,,,,,,,,,,,,,,,,,,,,,,,,
WAURN PONDS,685000,650000,567500,717500,645000,12,32,-5.8,-10.1,,,,,,,,,,,,,,,,,,,,,,,,,,,,,
WEDDERBURN,167500,135300,135300,125000,137500,8,11,-17.9,10.0,,,,,,,,,,,,,,,,,,,,,,,,,,,,,
WEIR VIEWS,486500,430000,472500,493000,470000,15,43,-3.4,-4.7,,,,,,,,,,,,,,,,,,,,,,,,,,,,,
WENDOUREE,331900,350000,357500,350000,360000,41,136,8.5,2.9,,,,,,,,,,,,,,,,,,,,,,,,,,,,,
WENDOUREE WEST,257500,282500,300000,258000,310000,4,17,20.4,20.2,,,,,,,,,,,,,,,,,,,,,,,,,,,,,
WERRIBEE,525000,510000,515000,510000,518000,82,354,-1.3,1.6,,,,,,,,,,,,,,,,,,,,,,,,,,,,,
WERRIBEE SOUTH,650000,760000,590000,600000,800000,3,11,23.1,33.3,,,,,,,,,,,,,,,,,,,,,,,,,,,,,
WEST FOOTSCRAY,830000,868000,840000,770000,886500,23,77,6.8,15.1,,,,,,,,,,,,,,,,,,,,,,,,,,,,,
WEST MELBOURNE,1385000,1640500,1350000,1340000,976000,5,12,-29.5,-27.2,,,,,,,,,,,,,,,,,,,,,,,,,,,,,
WEST WODONGA,346500,340000,392500,372500,359000,63,153,3.6,-3.6,,,,,,,,,,,,,,,,,,,,,,,,,,,,,
WESTALL,748000,761300,739000,737000,772000,7,27,3.2,4.7,,,,,,,,,,,,,,,,,,,,,,,,,,,,,
WESTGARTH,1765000,1472500,1441000,1490000,1600000,5,14,-9.3,7.4,,,,,,,,,,,,,,,,,,,,,,,,,,,,,
WESTMEADOWS,634400,622500,560000,570000,620000,13,45,-2.3,8.8,,,,,,,,,,,,,,,,,,,,,,,,,,,,,
WHEELERS HILL,980000,1138000,1138500,1122500,1203000,26,98,22.8,7.2,,,,,,,,,,,,,,,,,,,,,,,,,,,,,
WHITE HILLS,330000,360000,318500,425000,338500,14,43,2.6,-20.4,,,,,,,,,,,,,,,,,,,,,,,,,,,,,
WHITTINGTON,372000,385000,412000,361300,420000,9,28,12.9,16.3,,,,,,,,,,,,,,,,,,,,,,,,,,,,,
WHITTLESEA,569000,601300,604500,573500,628000,9,43,10.4,9.5,,,,,,,,,,,,,,,,,,,,,,,,,,,,,
WILLIAMS LANDING,656000,700000,687500,671300,670000,18,62,2.1,-0.2,,,,,,,,,,,,,,,,,,,,,,,,,,,,,
WILLIAMSTOWN,1350000,1405000,1510000,1324000,1386500,16,76,2.7,4.7,,,,,,,,,,,,,,,,,,,,,,,,,,,,,
WILLIAMSTOWN NORTH,851000,1520000,1290000,890000,880000,4,11,3.4,-1.1,,,,,,,,,,,,,,,,,,,,,,,,,,,,,
WIMBLEDON HEIGHTS,388300,447500,405000,465000,420000,6,15,8.2,-9.7,,,,,,,,,,,,,,,,,,,,,,,,,,,,,
WINCHELSEA,376500,438500,471300,455000,492500,10,21,30.8,8.2,,,,,,,,,,,,,,,,,,,,,,,,,,,,,
WINDSOR,1350000,1670000,1465000,1180000,1250000,6,34,-7.4,5.9,,,,,,,,,,,,,,,,,,,,,,,,,,,,,
WINTER VALLEY,410000,440000,485000,457500,455000,19,38,11.0,-0.5,,,,,,,,,,,,,,,,,,,,,,,,,,,,,
WODONGA,320000,353500,359000,340000,345000,88,273,7.8,1.5,,,,,,,,,,,,,,,,,,,,,,,,,,,,,
WOLLERT,585000,577000,599500,580000,570000,53,262,-2.6,-1.7,,,,,,,,,,,,,,,,,,,,,,,,,,,,,
WONGA PARK,888000,1685000,1038000,890000,910000,4,13,2.5,2.2,,,,,,,,,,,,,,,,,,,,,,,,,,,,,
WONTHAGGI,369000,401500,385000,367500,371500,24,69,0.7,1.1,,,,,,,,,,,,,,,,,,,,,,,,,,,,,
WOODEND,693500,717500,661300,705000,796000,19,53,14.8,12.9,,,,,,,,,,,,,,,,,,,,,,,,,,,,,
WOOLAMAI WATERS,447500,512500,575000,460000,565800,14,43,26.4,23.0,,,,,,,,,,,,,,,,,,,,,,,,,,,,,
WOORI YALLOCK,450000,570000,552200,525000,570000,11,40,26.7,8.6,,,,,,,,,,,,,,,,,,,,,,,,,,,,,
WURRUK,245000,245000,180000,235000,260000,5,9,6.1,10.6,,,,,,,,,,,,,,,,,,,,,,,,,,,,,
WY YUNG,360000,311000,315000,380000,387500,7,21,7.6,2.0,,,,,,,,,,,,,,,,,,,,,,,,,,,,,
WYCHEPROOF,124500,100000,132500,115000,101500,4,12,-18.5,-11.7,,,,,,,,,,,,,,,,,,,,,,,,,,,,,
WYNDHAM VALE,465000,485000,470000,473500,482500,42,173,3.8,1.9,,,,,,,,,,,,,,,,,,,,,,,,,,,,,
YALLAMBIE,861000,878000,857000,830000,813500,4,16,-5.5,-2.0,,,,,,,,,,,,,,,,,,,,,,,,,,,,,
YALLOURN NORTH,172500,213000,150000,200500,212500,10,21,23.2,6.0,,,,,,,,,,,,,,,,,,,,,,,,,,,,,
YARRA GLEN,650000,703000,755500,640000,723000,5,20,11.2,13.0,,,,,,,,,,,,,,,,,,,,,,,,,,,,,
YARRA JUNCTION,600000,580000,540000,602500,605000,6,30,0.8,0.4,,,,,,,,,,,,,,,,,,,,,,,,,,,,,
YARRAGON,425000,430000,425000,375000,395000,7,19,-7.1,5.3,,,,,,,,,,,,,,,,,,,,,,,,,,,,,
YARRAM,224000,249800,259000,247500,241000,11,37,7.6,-2.6,,,,,,,,,,,,,,,,,,,,,,,,,,,,,
YARRAVILLE,1010000,986000,952500,1050000,960100,26,106,-4.9,-8.6,,,,,,,,,,,,,,,,,,,,,,,,,,,,,
YARRAWONGA,372500,389800,398000,452500,482500,42,107,29.5,6.6,,,,,,,,,,,,,,,,,,,,,,,,,,,,,
YEA,470500,420000,395000,421300,495000,6,21,5.2,17.5,,,,,,,,,,,,,,,,,,,,,,,,,,,,,
YINNAR,300000,223000,295000,374000,365000,1,9,21.7,-2.4,,,,,,,,,,,,,,,,,,,,,,,,,,,,,
,,,,,,,,,,,,,,,,,,,,,,,,,,,,,,,,,,,,,,
,,,,,,,,,,,,,,,,,,,,,,,,,,,,,,,,,,,,,,
,,,,,,,,,,,,,,,,,,,,,,,,,,,,,,,,,,,,,,
,,,,,,,,,,,,,,,,,,,,,,,,,,,,,,,,,,,,,,
,,,,,,,,,,,,,,,,,,,,,,,,,,,,,,,,,,,,,,
,,,,,,,,,,,,,,,,,,,,,,,,,,,,,,,,,,,,,,
,,,,,,,,,,,,,,,,,,,,,,,,,,,,,,,,,,,,,,
,,,,,,,,,,,,,,,,,,,,,,,,,,,,,,,,,,,,,,
,,,,,,,,,,,,,,,,,,,,,,,,,,,,,,,,,,,,,,
,,,,,,,,,,,,,,,,,,,,,,,,,,,,,,,,,,,,,,
,,,,,,,,,,,,,,,,,,,,,,,,,,,,,,,,,,,,,,
,,,,,,,,,,,,,,,,,,,,,,,,,,,,,,,,,,,,,,
,,,,,,,,,,,,,,,,,,,,,,,,,,,,,,,,,,,,,,
,,,,,,,,,,,,,,,,,,,,,,,,,,,,,,,,,,,,,,
,,,,,,,,,,,,,,,,,,,,,,,,,,,,,,,,,,,,,,
,,,,,,,,,,,,,,,,,,,,,,,,,,,,,,,,,,,,,,
,,,,,,,,,,,,,,,,,,,,,,,,,,,,,,,,,,,,,,
,,,,,,,,,,,,,,,,,,,,,,,,,,,,,,,,,,,,,,
,,,,,,,,,,,,,,,,,,,,,,,,,,,,,,,,,,,,,,
,,,,,,,,,,,,,,,,,,,,,,,,,,,,,,,,,,,,,,
,,,,,,,,,,,,,,,,,,,,,,,,,,,,,,,,,,,,,,